user_id,z1,z2
004ddaed-61da-408f-9030-79728dd9acfa,0.41034472,0.42079836
008945db-7336-4b6f-80c8-67f6f760146a,0.43587258,0.47511956
00f4f1e4-90a3-41ee-a0dc-b0fe3a824688,0.5135993,0.4599976
01048f40-73fa-460a-8a0f-d37f46ba2bf0,0.473406,0.49777803
015ea9da-e6d4-4902-990e-298155884106,0.61408573,0.4888708
01e39de7-8a0a-4d1c-9d90-7678cc03a79c,0.5906182,0.45007423
030b7184-640f-4e89-966e-51671d3071a1,0.44373718,0.5639061
03139237-17ec-4e01-8883-c18097b396f9,0.40728292,0.49179593
03508402-a3ba-44ab-9c4c-69ee117c129b,0.47761437,0.49088156
035fef84-952f-40cf-b6bc-59419ebc4234,0.6229525,0.60350627
03914fa5-745c-4f43-bdc3-8794f2716a3b,0.5506279,0.47533113
039e21f6-b475-4880-98fd-d998e401a3f8,0.491418,0.5418636
041b5588-1f48-408d-ac6e-dc89f840ff37,0.47529346,0.4697162
0454d852-1947-4f70-a111-eab46b5f5489,0.7059881,0.48215958
05828b26-10ad-4ba9-bcfd-6442437ed317,0.40347174,0.5186138
059c5303-2314-4afb-b1ba-e6100aaa7dfe,0.34729856,0.5279967
05ceac51-50c9-4782-8547-d921c47ff46d,0.37817267,0.432974
05dd50f8-d3ac-483a-a77d-09534932a101,0.4064073,0.5721622
05e92c16-ffae-4f18-a847-699e2c1ae2ee,0.49318075,0.50293636
067e2b57-efe1-41f5-8f61-24d310c1e715,0.37987047,0.55030465
06901ced-9de6-4de1-aa43-8c61467cbb3f,0.5604188,0.6007894
0795ecd3-c623-464d-be92-f969664a6e11,0.37017676,0.54145485
07cc946d-be4d-40f6-b64e-ffaf94a40d20,0.29079625,0.5908773
07d93f45-09e3-452f-8bc4-1913878963f8,0.5862686,0.5641135
07d970df-8e92-4dff-b0bb-f28212e2dd76,0.47993734,0.45787844
07f8bf11-a9ac-4ab4-9996-3c6c5c3daa82,0.34902033,0.5031454
0819aea0-90fb-443c-8b25-4f670a87aa7e,0.4609349,0.5759977
08400ceb-e4a9-4d0c-800c-ba695441a656,0.4026609,0.5161728
0968d482-a8d0-4bdb-8403-cdce609fe799,0.37739438,0.59053683
0981cb52-479c-4d5e-b323-d08a8c445a8f,0.3491159,0.48725554
09d5f371-8a2f-4c85-a245-eabb2fe9a360,0.49625778,0.5780508
0a1dbf37-e08d-43f4-96fb-4bb135c4ab8b,0.7229515,0.36784548
0a5f2205-dba4-43b2-a553-2b64fcd196e1,0.29398432,0.4397441
0ae3c0f0-3a92-44cb-ad57-cc767d798056,0.6303343,0.5450648
0aff1e1f-a726-439a-9021-dc51594d00ca,0.45952728,0.56314623
0b0b8a6d-3f8a-4c92-ae63-e3a03dd9820e,0.5278271,0.5722192
0b2668e5-ed7b-4e23-8636-48e2d1e497cb,0.49674278,0.5718147
0b596874-43c1-4a4d-ae79-d40b2355c52d,0.34166014,0.5996694
0bbbb85c-03b2-4060-a3c0-fa2ea7c354c4,0.4706087,0.5082878
0c07336b-0cbc-463c-ad41-044898588eb8,0.41361144,0.50395644
0c612802-ca9d-4a46-b3a5-a831a6a7784c,0.3805582,0.49370712
0d1a1b54-697a-4b27-a251-723e3262b44e,0.3424365,0.536703
0d25d431-9188-487c-b0fd-5f9e0a4ea3cb,0.49923944,0.54623646
0d4cdfa3-efaf-466c-8427-768b0d9dae88,0.38033488,0.5445764
0d887001-0961-4ec9-a011-dedc9d9af64b,0.44270843,0.4825432
0e13a7d1-fb15-404a-b9fa-792a4fe4f64f,0.5438801,0.48849273
0e361232-547a-48eb-86fa-cc6888c0b0f2,0.3853142,0.52608895
0ef5850f-3683-44e2-a4bb-b42cacd5befb,0.36915538,0.57637244
0f2dbb5c-e62a-4bc0-a9c0-8ed7bbab16da,0.3727573,0.42375124
0f3bd122-2f67-40e0-92cd-bb49ec0ca10f,0.3972344,0.45644313
0f42d577-dfa7-48ad-8283-291b1019546b,0.49888253,0.5031908
0fe8bd6a-601a-48bb-8c96-d0b5bfe2248e,0.6517922,0.48110908
1064bd1e-9e3d-4b70-bbb8-ce9b1af1eb27,0.7107407,0.49304384
10d15b8b-8e18-416e-9ae4-ea7146cf7f1d,0.54983854,0.5061691
11244562-4678-4074-afbc-4ba70b51a942,0.5628324,0.37926182
116a155c-7234-4257-803e-6197a8a17afc,0.5153835,0.41589403
11a37f25-55b9-4eb0-8641-bced61570229,0.63806456,0.52689046
11d8d8cb-7483-4e42-8b56-b12867b02998,0.45594135,0.6069209
120e8152-35e4-4511-99ed-27fec244666f,0.6439621,0.5307883
1293c007-02ce-450d-8480-cbeff9c0146a,0.5394716,0.60321337
12b8047f-f42e-4ad5-9ecc-b51da0b22e69,0.29861096,0.53363276
12c1f55c-56bb-477e-a980-8ec298befd1c,0.65713406,0.5674014
1307fff8-9df2-4253-bfc3-28090c03b37d,0.48000354,0.49381676
1318da4f-d32a-47e4-842b-9717729cc730,0.41753212,0.5527486
13ccab9f-623c-4c0a-b17a-ef2fb40c6413,0.5945171,0.5187966
14323409-1fda-4969-bd93-10167fe61366,0.4398521,0.467128
144f0094-d2f6-433e-8ab5-b529b3ca4818,0.32867026,0.48292726
1464a41b-2660-4642-bcbb-b0ee9ad04664,0.5326688,0.50984293
150c2560-ff8d-4660-bea9-868822911cd4,0.4557312,0.5305379
151d104b-3f33-40b5-acc0-c83217a9f578,0.62649965,0.52238715
153a767f-6788-4b6e-82a0-9acb1290f1e3,0.4273022,0.47402424
159005fb-91a9-4413-ac9c-c12368dbb651,0.4729061,0.43085092
15c8ef27-cdd2-4f28-90b8-7ace310bc9da,0.4007249,0.4992367
15c9b047-8ec3-48bb-9071-b51c214ad031,0.58981735,0.55123216
162eb3e9-694a-4da4-b85e-116500bca3da,0.38866416,0.5846297
16652ffe-caec-469e-aeea-f8bed521122b,0.5155318,0.5587576
16b70855-1021-4d40-a0c2-0bfdbfba982f,0.62963045,0.46777266
16ea94e0-3df1-4762-9138-489488ac142f,0.46898544,0.50022924
171258cb-12bb-4914-a03b-6fef47fe351b,0.58551204,0.55177695
1727cd09-ae57-4bab-976a-2f0ed9d73a2d,0.6438123,0.5046277
175f917a-1dc5-41e6-82ef-afa3f5bd7701,0.57731384,0.44709295
17777915-149f-49a8-b7ef-a93dd3b77b3d,0.31364003,0.51425743
17cddd36-5c76-466f-b79d-69f7bfa07d07,0.608616,0.4949839
189fa68a-40ea-4537-be58-22c13877f9b5,0.63617224,0.49039033
18adbede-25e1-4f3a-bb24-1cb2766c55aa,0.37791756,0.5621361
1a3c2a40-e164-4304-aa30-ba052ebef133,0.32282335,0.5038757
1a449a42-280d-4e17-89ad-7035c063ee14,0.32160056,0.52451426
1a8f761e-efe1-45b9-84e9-cf03af7227e8,0.63086194,0.5303668
1b1ba96b-b8d2-4658-a60f-e8ea87af1ef9,0.62130326,0.5394134
1b355bf3-c66c-4622-b19b-1ad841f7a993,0.4111176,0.6186234
1ba86a0b-f0e0-4870-b7b2-aa4505ad228a,0.5473019,0.5125885
1c084e9c-3a3d-4ae1-bf8b-3127b578db5f,0.6093023,0.51220703
1c1bb864-71fc-4d57-ac43-eff287a5dd03,0.52849305,0.44706386
1d5582d7-4080-4eff-b62e-55ceb1f4e89c,0.39600748,0.63460255
1d6b76fb-c347-45d3-b553-5a483d139dea,0.36688745,0.48718607
1db47087-1020-4529-a029-fc726ed2e96a,0.4401009,0.43239796
1e4ca711-70e0-4479-943c-e7fa4148fdcb,0.46737158,0.5234005
1e6ee485-0190-4ea4-b353-86b506512b12,0.50748146,0.6040073
1ec80b82-1d29-4116-a508-fcc7733d08c8,0.45629686,0.46323824
1ee3fe13-8c8f-408f-81ab-aa40b0bb2a1c,0.32114103,0.5740619
1f13b3f8-fce2-41e6-993c-b387cf145399,0.39484975,0.52001315
1f2944cd-d3b8-41b2-b3f1-b9826f724045,0.43293998,0.4424325
1f318888-723a-4c1c-9395-dc7e8506504b,0.5270744,0.56315213
1f588c65-e9df-41bd-a89f-10a5daa4e5c6,0.5856412,0.4989699
208fb36d-421e-42e4-bdd9-650cc44a6270,0.53395224,0.44331202
20b8ff13-4a38-4509-9237-417d643972a4,0.61134833,0.62669814
20f3a9c7-2d4d-47d5-a398-1d9ab49b3c7f,0.38528582,0.49267337
2125b2ba-f5b5-4e5a-a9ce-9307c4f84068,0.48854136,0.5557694
2159376f-c813-447c-81cf-c91f7de2c4a6,0.41933393,0.5158166
21988704-4f63-4c4e-baa1-9f7c0171c23e,0.48901853,0.48025146
21dd8bdb-806c-484a-bcaf-8d2b71a88c07,0.5944477,0.4646522
2242c99a-6fea-4512-a37d-9db61c71dcc4,0.37741214,0.5375662
22583ef0-0ad9-4564-93b3-b8e2e1fd50f0,0.4370429,0.48534176
225a7258-96dd-49d8-9c1f-d7f0d1379b8a,0.48407465,0.5306201
226d8d94-4348-4d12-8266-73867618a9a1,0.29981065,0.46440846
228e7d98-2e0b-475e-b0a4-dfed2f047e03,0.69430697,0.5346175
22974c8a-a32f-4e80-b772-fc7e6c0904e9,0.3771532,0.6721879
229b57ed-34ac-41da-bb4b-8863400d276d,0.32329246,0.599964
22c80e87-4203-49ab-a10a-3c43f7fc4c98,0.40739673,0.47526324
22fa3d93-8514-41e3-af47-4a70cad07a1d,0.49850988,0.4926811
22ff77eb-d563-4b1e-9735-7579d7ad58e1,0.62218994,0.48007214
2338ca4e-7df0-4650-98f1-ea51b66bd2cd,0.36641124,0.6012171
2356f5b8-6734-4bca-86f0-6b9f275068ef,0.39869612,0.5809889
23e4c7cb-ac1d-40f4-bac5-9cb47dc2243c,0.43818566,0.48487672
24067c4e-04f9-4701-95bd-a161ea42dfbd,0.4242716,0.6014017
247c96de-2715-4e7f-9787-b4b4952b7cdf,0.36545604,0.5084222
248860f8-a008-4207-84fd-a88cdc02e3f1,0.5432436,0.5708883
24a70806-a950-4c04-97d3-b10f21c9f99c,0.5209404,0.48500878
24d24cb7-3e0b-4b34-b914-22f4f26cb85a,0.6091873,0.5456087
25049d3f-22ec-4135-a969-f42db87db973,0.4517212,0.51199317
253be454-ce0a-4fe9-ab9f-582311c461c9,0.38749644,0.5329297
25411fd4-8617-4702-8c60-35ee4a031465,0.48421472,0.49557376
25573b00-0464-461f-a06a-44deaca096fc,0.61538756,0.40259537
2560a7e6-bf13-415c-9e98-9a561813f84e,0.42575902,0.52414924
25a55a11-6630-47d5-a1cf-788a2e1e6047,0.48015502,0.5286081
25d74a90-7202-436b-89c4-b419405b4921,0.54566157,0.46279424
25f202d2-863a-4566-86fb-d1d130468563,0.37054402,0.4156948
25fc1999-ccac-4add-9709-f73f57dc5a27,0.47821718,0.54096806
260596f4-d2f6-4871-a387-96936c9a8ad7,0.5516471,0.44547397
26b3c23f-6f04-4191-8fe6-29fc0eb17891,0.40682083,0.5693557
26eafc98-f1b1-442c-9cdc-19dd4bde6c85,0.45469347,0.47352266
26f9beff-c2d7-44f6-bae6-8b0c1efd60f0,0.62438774,0.4305545
27135bf2-1596-4e25-9b68-67dfac1afbad,0.33326414,0.53877217
274a50f6-7523-48d3-b755-46c684802bd7,0.51738644,0.50325423
2776d66e-9cca-43aa-b30f-514e7642201b,0.44000384,0.5340585
27d16972-7db1-435f-9f8a-608153ace317,0.55947816,0.50857615
2806fc23-d426-4faa-be06-5386f95e2652,0.5349858,0.47253102
282f79eb-0bd5-4cee-a733-1ef3fd6a5d51,0.38157108,0.43902084
283f6b34-e03f-43b7-ad7b-3059f1853660,0.44758493,0.44875666
2882fef2-8346-4a26-927b-f6ac12a3d530,0.5689456,0.5134749
28e93897-107a-468e-80a8-300eda4fd8ee,0.496093,0.46757802
28fc907e-376c-4566-a7da-28fbacaae3ed,0.40320387,0.5505509
29648b59-4c4a-4d52-9428-393b131ed298,0.37627083,0.51585627
298e7737-5aaa-47c3-9576-7b0b8030e7c7,0.51561844,0.4351195
2a15d6f6-7392-4625-99a2-8708b8dcde13,0.40347132,0.47700375
2a4a196d-675d-44de-a653-6ef8711c5ae5,0.53735787,0.52056664
2a91f889-1160-4b4a-bbd3-b77d2b29c425,0.49119312,0.5180282
2ab9ff7f-8e3c-4526-867e-1943aae6da26,0.43099508,0.47937128
2ac8e87a-ad3b-42ec-8ab0-1b42d147a6cc,0.37754336,0.5742239
2b42b727-c272-492f-b6af-268214219323,0.6147834,0.48896542
2b545b5e-7bbe-45af-b585-24f876ba0e9e,0.58431226,0.5635908
2bd4c22d-92e8-4fdf-8a8d-735846fbb54c,0.6531848,0.4861015
2c2adab5-d108-4921-9844-ccf26d06bb79,0.43299723,0.48188627
2c56241e-495b-4910-9f7f-0cca76773452,0.41157487,0.6901268
2c914d9f-485d-45b2-9eb8-c6319ef5468d,0.54659384,0.4838471
2cb691c2-210b-478e-9985-5d283d2bd12c,0.38314864,0.45228925
2cbbce2d-2f3c-49b7-a578-c9429edfa5b5,0.2979998,0.50760865
2d03f719-038d-4335-bb23-8f99ce473251,0.39190727,0.4916211
2d50538a-a708-4d37-af6b-02e9f0d0c5cc,0.41943455,0.5467415
2da7569a-02be-4e4b-bd74-f5e2fe44509f,0.36242327,0.60089684
2daf4564-6d02-4e67-a8e6-803a478f8c3c,0.48604804,0.41261342
2e10a84b-253c-4de1-a60e-f9d8193ace6c,0.5059441,0.4309628
2ebc6ea7-2443-4e61-83b7-df21d4ae0b00,0.4842335,0.5252718
2ef328c3-ef0c-4914-887d-69ab20f66fd1,0.4054858,0.4552122
2f2d19ec-9489-4186-ac9d-c956f7c81b7b,0.32526955,0.42960295
2f9ec454-006b-4376-b81b-e27103257485,0.61529726,0.5026668
30231018-aa76-4d59-8c7d-978b57fb56dc,0.44183943,0.5236276
308e2a5b-e57f-42df-8448-333e7df64a27,0.44746938,0.42241788
309a44ed-0030-4619-a15b-ccbc0b037a3f,0.37657034,0.5292504
30c54d42-d7f5-4d59-93e2-0b7f9e8fbb26,0.5691886,0.66744107
30c8c0ad-6fc9-48af-8d60-7097aae6fe5a,0.57123804,0.54395354
315a6b1b-271f-4c47-be80-dc7a32d28766,0.35662875,0.41073486
3184ffc0-eb43-4cf8-91df-71d2595ce99b,0.42585903,0.49150178
31a9480f-a388-4d13-918c-92d0c5982295,0.46596622,0.44227815
31a98c74-14e1-4946-9f2a-3c5bea22a715,0.45300305,0.51494545
31dd0ac4-b32f-4dd4-aaec-ca981244f3a9,0.43860757,0.50055206
321ab798-b045-4dba-ba3c-136cb4d87652,0.43903276,0.49376088
3231f468-d79c-44fd-a7be-1be9f2693b9e,0.47238302,0.5463119
3247c91e-a855-41c6-b565-fdd4583a8b9b,0.51241106,0.5260946
32ac6902-c7b8-44d2-9352-9285a1c7925a,0.324088,0.5138317
32b3b760-7e12-49b9-9eb1-637fe338042f,0.40263233,0.48309168
33c490b5-f5e4-4db9-8d77-4f76fd0d363f,0.4677068,0.61174506
33e5922c-9a3b-4a1c-9087-ab52023042f4,0.45676756,0.5144866
34201b92-8143-45a8-83c3-9d659c50872d,0.6140459,0.5463679
348f3bc1-8533-4279-a91a-10cbf203001f,0.33915144,0.48660073
34b4e92a-aef8-4ff9-a130-b7e9bac9016c,0.3944482,0.44265413
34fce401-b6da-4543-9078-67bd0615751f,0.5368907,0.44057947
354f03c6-4dd9-426f-9dbe-0565cacc4565,0.64507544,0.47355756
35679920-4401-4191-8114-26bf10b60dd3,0.6033874,0.50906616
35dad3d8-20ff-457f-b100-115e16eff834,0.41935945,0.5047091
35f29e09-26f2-48d1-9600-5fcd9ff950cb,0.3437713,0.5121067
35f4fe1e-15ff-457e-8c91-ca3c332e2738,0.37959832,0.4989067
364f161a-da52-47f1-8d60-30714357a1f8,0.47103196,0.50081235
37be3728-2daa-46ee-a7dd-ccf08ecf1ce8,0.33714876,0.5342908
37c01b72-2523-4729-b14f-28b0e133f5be,0.3842623,0.4716051
37c9c305-163f-44ce-9cd1-f2ed99134e79,0.32989794,0.32130125
396b2e81-7dad-422c-ae3c-6a55ea44bd8c,0.44205064,0.49903488
3a7e005d-af96-4336-b68f-71d5a514c620,0.33878833,0.45148185
3b265b0d-4bb7-4716-80c9-90644a0c7443,0.48576853,0.5367541
3b715542-5308-4717-97ce-af3331886a59,0.48426637,0.45231414
3b978429-19a9-4fe1-8afa-7ec5d492c8cf,0.30869776,0.48338452
3ba8a75e-1711-4c96-8c9b-7888e70fcdca,0.31321916,0.58824885
3bb9d7a5-e470-4cbe-9fa3-fc7fc9c5c3f4,0.4000622,0.52115357
3c0d3c02-8a0b-4b69-8198-518007682960,0.36752033,0.5057516
3c477097-5f92-4cda-bde7-b438a4490cf9,0.5582755,0.51373017
3c912cf3-38ab-4548-aeee-b63a0ef081b9,0.63416004,0.47798604
3d44aea6-ad73-431c-9868-a1682abdb3d7,0.6319817,0.47017422
3d8fd8c5-1dc6-477a-b0bc-165e7d5769ae,0.336774,0.46743566
3d9e74ca-538a-44f3-9471-21355bd27228,0.3784547,0.5097647
3db0cd81-af1d-4524-ba01-484f53e1651b,0.5674722,0.5230742
3dea59f0-3aea-471a-804d-34879caf2044,0.3883322,0.5189209
3e5f8e1e-e9ac-4745-a52d-b6b6b482f07a,0.48912868,0.46582457
3eb342fe-9573-4c56-8747-eaca0a7c179f,0.50503504,0.46472245
3ed20a50-6ebf-4d5f-b1ba-a8e9a41c2d5d,0.35951883,0.5371706
3f9b6a54-f69e-4788-97f5-cc115b0e45cf,0.39060563,0.51393974
3fdc1f21-89ab-4fbd-ad0e-e7d6f1bbfd7e,0.4591852,0.44075942
3ff5b5c2-039e-4c39-aefd-a4a4b64ae704,0.38453957,0.43945995
400288de-86e0-4daa-8aeb-2f910d84bf89,0.43388358,0.5874208
40324156-fa7a-439b-8e19-e5351ea6369e,0.41111323,0.50834805
4067b407-758b-4004-b2bb-21398d4df20f,0.4581829,0.5140209
40849257-31b9-46db-9e82-a12d270adc4f,0.38690928,0.43686625
4101dd49-9581-4e72-9eb9-2586f187c392,0.37534672,0.5033803
41053c2b-00e5-4da2-9857-22ec23b22132,0.34224403,0.5231996
412d1a2f-8b0b-4bca-9b19-73bc92938413,0.5680851,0.57178456
414f6e39-fe42-43d7-a7d3-6e9fbf594c83,0.5126866,0.3791614
41894882-b0c4-45d3-a876-34d1c2b59161,0.5632305,0.50882417
41978b93-a6a2-45d1-a3ff-1c3cb2ca7693,0.30282018,0.5639391
41f888f3-8943-4746-ace0-b0ef79e7486d,0.3772564,0.5074351
424d47ef-c4b7-4260-b51b-4e7014bf8447,0.3263994,0.56119806
427a7d5e-0af7-4924-8489-e6e9f9d0d1bb,0.4445222,0.46292445
42b81bff-e5b2-4f8d-a389-9ab289035156,0.4017472,0.49358484
42bbd39a-a010-4dda-87c0-537bbab9ed35,0.42899442,0.4956339
42ce8e8b-cff4-4667-a3b0-fa5705fe2529,0.5261219,0.5602482
42f3fcf8-cc0f-4c9f-b10a-fa593f432c2a,0.67939645,0.5026985
431c9d10-d89b-459d-b261-6aa4c5f72f9b,0.33941874,0.52803034
431e4f85-d231-4d90-9af0-98770da66991,0.34565178,0.5865414
433ad225-d46e-4e29-99b2-7256c9ffb8b3,0.58898664,0.47651678
4456c737-3216-4d01-b258-bdba99206678,0.5421549,0.45705494
44d88fe6-7609-4c58-8923-61a158362788,0.30372617,0.4735016
44fe8338-c15b-4f39-8f9f-1f8a5ebe0d4e,0.40063497,0.6358507
45560e7a-2332-442f-8634-4a80b65fb28b,0.3725535,0.47436813
456d9278-963a-462e-9dfc-4f37ffadb65b,0.35225704,0.4898652
457cc0fc-957a-4984-a685-587b0686d18d,0.35398498,0.550793
45844ba0-da60-4ac6-a73d-7d8a9a39e653,0.6118467,0.4704129
464341cf-d0ec-4067-8905-a50b34a7fd90,0.5907903,0.51784843
46862fe5-fc4b-4bde-b01b-b9c957a3b642,0.38526958,0.45559227
477da107-c8ac-403f-bc5a-939f6cdb0e32,0.4419022,0.5423207
47b1b4bf-4c71-4a08-bbd1-d4fdc8644e73,0.6472668,0.47473618
47d81c17-7eca-4329-bd96-647a470c4f1c,0.797892,0.60797924
4859faee-b2b1-48a5-8f73-1e4c58818c97,0.45783558,0.58370423
486f1ab7-6576-4b61-99d8-603682175f80,0.37737477,0.47405723
48aec198-7acf-49b7-9e93-d9693bba21f8,0.5386639,0.54101205
48f2ab55-43e2-46a1-bee8-e17bc16187d0,0.5540037,0.45774898
491c1455-5bff-4d96-a7f4-3e37936f19a7,0.37750405,0.4477179
492df54b-1fc8-4450-aad9-e1b7b5cabbde,0.3854166,0.54348147
49c905cb-f457-40e8-8fa0-265491e07685,0.43079308,0.48147127
4aae9026-0f4b-40a6-895f-e6a065b16c20,0.68192846,0.54452306
4ae90dcf-cb97-4144-af34-fceb2ea47937,0.38068902,0.44066003
4aed80f2-682c-48ca-bac0-22fe297b26f3,0.4723477,0.5259336
4b3b1e05-f30b-4743-baaf-7e7fef492e55,0.6403736,0.3592605
4b71598c-2641-4e11-abf5-a0ff61d486cb,0.5143336,0.57631946
4b82d964-eca1-46e1-b626-1d4f6b35d128,0.39495912,0.5216658
4bb1200a-17b1-4aad-809e-7b26c96a895a,0.3192709,0.48387343
4bfec814-62a9-4894-884e-a22408f06ed0,0.44826835,0.49095866
4c7f4c8f-0e39-42de-a24a-7fc00f950340,0.53519946,0.5745978
4cc872a2-6dea-4390-a38a-a4e00646fb49,0.68106127,0.49479696
4d2a3e1f-c251-4d66-9acc-1a2a33b5b25a,0.38392514,0.49439326
4d778c0f-1c70-4477-919b-09232408337c,0.34681526,0.50767744
4e6bcfc2-3c31-4809-8399-98a0da410ba3,0.62415874,0.48014066
4ee0d6a4-6040-4c89-a513-bf5f22cf1bb0,0.59928644,0.6435159
4f16989c-a35e-4a60-a238-ea23378078ba,0.44308662,0.52035064
4f272553-71ed-408e-8be4-69b2f6496c58,0.39389893,0.55958354
4fc6dfdd-a62f-452b-a560-b3ea87b837d3,0.47847617,0.5235778
501deed3-10a0-46b4-b8a7-12064bc1e7c0,0.42558944,0.4934932
50281b55-d246-4a8d-bc1e-2f471f627491,0.4994763,0.49450037
5074dbe0-1eec-48c1-9151-bb58eef75049,0.40411994,0.5108117
50a0c59f-4892-4817-8d30-e5f437df33e8,0.39809498,0.5538606
512cebe6-538e-4592-a387-adfdecc15b74,0.42654783,0.51095974
51589522-2b89-489d-9786-da8f2c1a6b6c,0.39357662,0.50979537
51aa5ee3-6ba2-484e-9c4e-0074f4c8d7a1,0.31943837,0.50905085
5224d9c8-88dc-4e3c-93b8-c0e41a052551,0.62983733,0.49246526
525ab78a-42a1-469d-ab70-955eea394a48,0.5064003,0.43083718
52988c2f-df35-4bc3-a6d2-348bd8747fb2,0.4214724,0.541964
52cd5b29-c876-41fb-8d46-c2594a9d752c,0.34871465,0.5213663
5330bcbd-e19b-4896-aac1-1037b7b936e4,0.64324886,0.48928505
549d2eb8-492c-4522-a01a-d0ca76cf21f2,0.6583645,0.5658893
54a8485f-520d-4a9e-93a1-2407a7683624,0.43453342,0.46195677
5515bb82-e885-4837-ac1d-efd128c60959,0.43608162,0.48963523
5541b9dc-b5ae-4d37-96b4-720e631fffc1,0.4951456,0.623801
554ae31b-1743-4e25-80eb-7abf981f86d9,0.43816137,0.4797895
554d3763-996d-4f31-b794-d030b9200dc6,0.6237445,0.45779142
55cc09fd-b510-4ac1-9791-61e56b2311e9,0.59754527,0.4557502
56029b10-93eb-46c4-9a43-b7a415cdc9b6,0.45968536,0.45564866
563c0f22-3db2-4350-9508-86cdfa7fb195,0.4147126,0.48959988
564b63fa-3ad1-43fa-8ddf-c4b85090bb89,0.47837764,0.4798692
56d02a54-8c89-48d5-92b0-7b31af527258,0.6539405,0.5041607
5792ed79-10d0-4da0-8b5a-74471d78cbfd,0.4901776,0.52633995
579e7bea-8db4-4f6e-af73-1d55648ea93a,0.6177116,0.27998748
57b51465-dd99-4109-8dc2-c1fd0c914299,0.43020678,0.48998958
58000661-e4bc-47a6-9c5e-551d600d5baa,0.44103378,0.5588797
58130d2a-083f-4da1-8176-a9be59a6d100,0.3280943,0.5664608
581d6e15-acc1-4cf4-8e3a-d202ef669f4e,0.42454818,0.5869598
58724dda-dec6-4034-b10c-113c96eec622,0.46123683,0.47508976
59d198cb-1557-41a4-8157-f64f71339ae2,0.62101215,0.5070704
5a0033a1-cd8d-409b-95e4-cdf2742a8602,0.485108,0.46019855
5a22776f-dee8-41ad-824f-c21cdf6b6dbb,0.59531456,0.5588905
5b9a3bc5-f0fc-47e0-a5cf-7d774593080f,0.7527998,0.58334905
5c172abf-306c-4582-944f-715512019585,0.41788334,0.50102556
5c561055-37c7-44c6-b6d1-28ca4c251438,0.4504436,0.39531144
5cb471dd-9a94-4d7f-bb52-7ca0407c3972,0.5893396,0.49852088
5d25c192-dcca-48b7-89c3-08be0b2a1f9a,0.50138074,0.5177334
5d302929-1722-4d08-b88e-98f52148ce85,0.38199288,0.41014045
5d5f537f-a895-49ed-966d-a5b31539155d,0.6429459,0.52551174
5dda028a-246c-45f3-94e3-1737ef64d2bb,0.49969593,0.5552155
5e24addc-690c-4bee-ab32-5d2b4ace3984,0.44801757,0.42964116
5e3d2366-4cc1-42f5-87f5-a9b8f4790460,0.53470945,0.48968443
5e5db06b-ea14-4c95-87ef-a1f00d07d780,0.41450724,0.4286314
5e68c038-2fda-4500-9391-c6e35e036184,0.52736986,0.39048144
5e8bffb1-5725-4492-bd8a-b0e63f69b5d8,0.39941642,0.5090921
5ebda3e4-00d3-4c39-ad97-1be45a1b2152,0.56116784,0.51993436
5ef7a9f5-6b32-47cb-bc8d-638e80aabc53,0.6284,0.54937154
5f8fcfe4-2dd3-4251-bab4-744d7daeffde,0.3947341,0.43476832
5fd599f7-9a21-4a6e-ae06-73b4bfc75a1b,0.51171607,0.596871
5fee16bb-4d0d-4393-a066-0c4fb07ece23,0.50546896,0.519098
5ff8eca3-a0a8-40ae-b7b0-2187e0cf82d3,0.5851045,0.38459417
6005b442-5c5f-4ba6-b0d2-fa1ca43ed0d9,0.41703606,0.46657103
6045f852-a291-43b9-9700-0574d5510a05,0.2713139,0.47675872
60dfed78-8300-44cd-a9ce-8867d3a5a14e,0.4239303,0.50495535
61de77de-ab14-4816-a2eb-fd2dc33a3850,0.5347518,0.56520456
61ecd946-27a6-4e52-8c28-ade9a339028d,0.39991486,0.5277887
62b804ff-0201-4daa-b787-a8ca69106801,0.4713603,0.40989605
63148efb-8dea-4e52-a5c5-d2168149b918,0.40568906,0.51962703
636da28e-cb62-4823-9863-e856fd6b4b9b,0.54063696,0.5269458
637530ad-61f9-4485-a1cb-27bed33e5edb,0.43489805,0.4416348
63f39976-6e9d-4ed8-a59f-9aa992dcfdc1,0.53650624,0.46589753
6428ec2f-d4a2-47e0-bf83-6baa74896de5,0.37513328,0.54041535
6478a6a9-61fe-4577-932f-5aed56311681,0.4355273,0.52645886
6584d53d-a77e-484d-bb27-6647d7a1fa7e,0.4625143,0.58380693
6661a212-bca8-48ab-a0ec-65905d17f032,0.34241414,0.58002937
6748e431-9135-4cd1-9cac-c5af29d71cb4,0.49398845,0.58184266
676e73b1-9501-4b74-878f-8838981054ee,0.40550146,0.56090367
67937e63-decc-45e9-bd3b-9783dc39e788,0.37721613,0.49028975
67c6d6fe-c5b0-42e4-b907-db20f0216a08,0.3141965,0.47819588
6824d0b9-65e2-46a6-9a50-7520aaae3200,0.46093017,0.49490818
68d3f60f-a493-4e0b-a1e3-76604c86118f,0.49941653,0.56066847
68d95cd6-9e11-4e94-9d23-cf0bafbe8abb,0.5231598,0.477333
6918cc4c-d6a3-4fed-a868-8e548b1ff14a,0.36518845,0.53449804
699c8992-0058-46b7-a006-4e55e298e8c2,0.32518384,0.5393741
6a02026f-2d21-43a5-836a-68ae322414c5,0.43499628,0.61078256
6a1efbac-5ec3-41cb-a4b0-f138bfcfddbc,0.62152845,0.55769664
6a5f1778-3268-49c1-875a-8d4bdda19662,0.49572495,0.48204955
6a8f4bb7-ac5a-48aa-9e88-4bc663367833,0.5520796,0.59573805
6b4977d7-07a5-4401-8334-47d8039b4262,0.4298473,0.5630719
6b4b1e3e-8aa0-4c31-bc79-8eeba7994893,0.59190124,0.5347427
6b82084b-7099-4967-96ed-dd9e45f8cb8d,0.5726792,0.5309851
6cb0efbe-5da9-4be5-a7ef-2b17001a6139,0.36398754,0.49824786
6df0fa88-131b-4591-889b-464d918be7d8,0.4184975,0.48507607
6e68decd-5684-42a2-ae60-89e3e2a6f6ed,0.6678586,0.5052241
6e77dbc4-ddef-44f8-b865-70e7a93aec83,0.5515802,0.56656253
6efbcfda-8e3c-4ad1-8992-3d717e64ec61,0.6221607,0.56906885
6f12da0b-18ed-4646-a39f-9dfcdb929f31,0.5992875,0.61366093
6f21a9fb-dc87-422e-9e29-e878c9543519,0.37216476,0.54354376
6fb0f43a-afad-4cd8-b3e9-e63d4c19fcd6,0.54799664,0.5271992
70f3e899-6606-4e4c-9677-583daf601f1b,0.47553417,0.53391814
713645bd-f65c-4882-8302-b6e4269facf2,0.46707624,0.48777276
717718e2-c810-4690-9107-c5b4957a9886,0.47624984,0.75353277
7190729d-9d7a-4604-8ea0-2bd76d85aff4,0.35692182,0.50277835
71a4e36c-c05d-441e-bff2-0bc98ec63956,0.5317776,0.5924187
71d73ce7-cb30-423c-a0b2-0c4be0760f95,0.31934166,0.5080247
71ef4200-887e-4d54-b592-3cad946ac0c4,0.41918784,0.5398579
723fc398-5684-4ab6-94fa-bbb99f8aae77,0.35172504,0.5366208
728fb672-98d0-42b2-96a9-e54cb5a8d3d8,0.39296973,0.46848235
72a7a025-37c0-4b72-8bc7-3ac47fd1bc36,0.41432703,0.58330613
72ad8e12-0f50-47b0-b5d4-665ff4a631b6,0.3814057,0.44860423
730666d4-bf22-4c25-9df0-cd447cd72100,0.5998376,0.45520237
738f81a5-04f3-46aa-a823-01cbed0643bb,0.4340978,0.52827185
73bc1d71-8f16-4fca-b27f-98369e5ad792,0.47153777,0.41056225
73da437f-2fa0-4317-96e1-68d495e1c6d6,0.51012665,0.48403352
74392e65-801a-4b4b-a8e6-ae11b37a0f33,0.58273906,0.522906
74e0d267-4ae6-4e83-81db-22f072400438,0.44184723,0.41382933
74fb2693-bd06-452e-a65e-5c0531bd3786,0.3790337,0.44174153
7537bf7f-762e-4b76-9125-0c5ef33bfa3b,0.4232853,0.5264074
75a4ae89-c3fa-4ea8-801c-60a0d70b4e87,0.40659112,0.48479515
75b37237-865f-4eca-b446-8825c059f70e,0.38821375,0.5227518
7678f9de-59e7-4348-8368-0635afb3c87e,0.3772663,0.5612065
7680ed2d-587b-44ec-9280-9b0f44b30059,0.36167637,0.5512861
7690f3ea-cda2-4fab-8c49-5dfceee1d48c,0.49552354,0.54234505
76f1c548-f35e-4d8b-a57e-a4703242dbcc,0.49107552,0.51344895
76f98e93-2bb2-4a74-974b-036deeea185e,0.5678434,0.43051782
77521338-f88e-4fd0-bd3b-dc24003af9bc,0.580488,0.54305017
779ce496-cd0a-40b2-9b87-9a5d713b5eef,0.6144277,0.5328598
77ac09e5-6823-40da-971f-e2fdadf94f22,0.37018707,0.4887677
77e90673-1591-40ef-b69a-5ae128e2c128,0.386619,0.4150744
77eb7c1d-bd3b-408b-b20f-d7894f380824,0.6619396,0.5367323
78b8b382-2e24-4256-a854-e710a6cef049,0.30315527,0.53441095
78ce792b-dbb5-4e5a-a81f-67eb7d7de5f0,0.55278295,0.46865532
78d3659d-e522-4983-82d0-7274b18e64c8,0.4008054,0.5664286
790b6a70-c4e6-46d4-a8e1-8cb791d36e8f,0.39448816,0.57518923
795ec8f8-598b-42d7-8623-2ceacf48a5a8,0.379135,0.48515448
7a3287d3-ef5f-4da5-9937-3e0f758bd44a,0.49247083,0.49886915
7a53b899-9a79-48a7-bf63-8d5551dd7b1f,0.5022842,0.37358138
7aefb54b-eacc-49f4-b865-f7de3e06887c,0.4725995,0.46685833
7af9572d-5874-455c-afa6-b45713fe0560,0.62615955,0.524333
7b31131b-1614-4258-b477-246be7adab3d,0.6511936,0.5161233
7b5003f8-836b-43d6-93b6-35e4e6d9eed7,0.5537267,0.49892694
7be17e51-ec70-45d5-96f4-7680b1a2eb45,0.4464486,0.50645787
7c2740c6-d7b2-42d5-b252-f59f48796b11,0.5061043,0.56801254
7c666599-6e5c-40f2-9380-d9bd6eeb7aac,0.3841302,0.5658107
7c7618ca-bc4f-4219-991b-dec8a4d2c732,0.5548783,0.5357786
7c9ae7a0-fa96-4d51-9092-7aa6dd65c508,0.36155155,0.5645307
7cc470bb-5348-4528-94fe-7e8fc1c27fb9,0.37611344,0.51134944
7cc4b68b-e586-43f9-b723-042f5ad4db3e,0.6055484,0.5619605
7d57d832-47a1-428d-b3ff-99403eef11aa,0.54262114,0.43528214
7d7a11a5-f98a-4105-8f33-898924992cc1,0.33397818,0.53895843
7e66b39f-af76-47b8-ae76-f4e9cc7b5d5e,0.37131366,0.55127174
7f575f0a-10e3-4d33-ac5d-f07be5912a6d,0.5552862,0.41819525
7f6752f7-8fef-4ef3-8421-dec832c9595b,0.3667289,0.5696875
7f8e62b0-9aa3-46c3-89ce-4ea6463d10a5,0.38091213,0.46557677
7fe0afb9-be86-4ffa-b80d-96ac05addd05,0.4719704,0.51662695
8020638b-dc26-490b-a6da-cbd61c2e8045,0.43880776,0.52606654
803c19dd-e948-46e2-9616-b12b34f6d84a,0.49444032,0.38469803
80c130e3-c489-48c5-8fba-ecf36b0e24f0,0.45126587,0.5209588
81339b57-7863-4f7d-9607-587cf35bdc57,0.67110145,0.49406728
815a383d-f0f6-4037-9ef1-5c8976df8b84,0.548089,0.5409572
817ab12f-80d3-4768-8cbd-7b80a34708c3,0.5814549,0.33854276
820aa0c8-d3b4-4282-bcab-36ca34484884,0.5463366,0.613097
82cdfdd8-2290-4acc-9133-84b65da4ea93,0.3971861,0.618719
82fba7ee-3411-4f0d-ad7c-0e91d484aa20,0.59612364,0.58104867
83c1e535-7e4c-423a-a5a0-893675e75f66,0.38754717,0.59167224
842b1aa8-2cf5-4df5-98f4-2dd4354f31f5,0.3407254,0.5645329
854a7a84-4fdf-4432-a57e-e411165fb78f,0.56826174,0.4002176
860e66e4-a490-4072-82d6-061a226706c7,0.32133922,0.50949293
86409c16-836a-4d9c-9d58-0a1fca01e57c,0.6883883,0.5461634
8652090d-200d-4f93-bc00-2d9ad8bb4657,0.45502403,0.5889684
87297830-9dea-4d9c-bf47-2a632ae6d223,0.5057985,0.6066103
87759621-d074-4fb2-98f4-4edf4e313d5b,0.55363274,0.5108947
87935df9-6057-48d4-a7df-7b71d2f26168,0.5243403,0.48087847
889e2a48-dbfc-4dd9-838a-8f7cafd9b135,0.67512643,0.44169384
88bf7e84-d2cc-419d-8307-a0dfe8e094cc,0.36730224,0.44423467
8981a26e-f229-4c0f-96f1-f0d22160896d,0.68101317,0.52263033
89a3a02b-c050-4404-9615-2ba471a85397,0.3750832,0.47304145
8a4125be-b404-4914-983d-fe4dd3dcba19,0.8001533,0.4834707
8ac8c469-1440-455e-b398-8c2b27058408,0.6060354,0.41724375
8b0b112b-26ac-4900-a79c-9a601a55353e,0.56304985,0.58476484
8c2cc632-53d9-429f-8288-8c6a39474711,0.6283506,0.50835747
8c396f4a-5c9c-4a0a-bd0c-f9d172c85a69,0.36620998,0.538093
8cba51e5-745d-40d5-90ff-bd4c053d5006,0.46952695,0.49294323
8d039291-16f2-4a0f-bb4e-0454ead6c4b7,0.37906417,0.5002342
8d8f0eca-a194-4728-84e1-8f176d2af3df,0.35494184,0.4835341
8da30849-0f6a-4d73-beae-8bf695e20063,0.5491693,0.5285309
8deea855-f05b-4560-87b8-62a7e56ba779,0.36361685,0.5667257
8e3182cf-4f3f-4366-91f4-e58f0ea03320,0.504601,0.473997
8e4c5ca9-9a19-43f2-81ac-fa24102c4ff8,0.7244768,0.57279986
8e880406-7a41-4fd4-af08-430576e81f21,0.39908534,0.5526783
8efceceb-8457-4aa8-9154-4183f03379ba,0.49991283,0.4553057
8fb06226-52d7-481c-add9-a3e18788cbf8,0.370628,0.5010512
8fc15d8f-bfe0-4fd2-bb2c-b599d6347db6,0.30554634,0.506735
90ea1d3e-9aa6-4253-ab1f-434bc1178302,0.44563466,0.46667424
90ee6a1c-0c4d-41e8-99e6-bd5066194e5b,0.44515586,0.46037155
913a9290-9665-4ef8-99f2-02fe85d47bd1,0.4853747,0.472804
913f1a50-ce29-46c1-be6e-13502d469a71,0.41579634,0.60805947
924829c4-bfc8-450f-8bb8-c7d64ee05d18,0.57676107,0.51374024
9292f293-31d4-4c78-b5ba-91ca95e77c37,0.4598696,0.49611962
93220dc6-37e0-4e96-8686-4e607e31826c,0.3575696,0.4951427
938e2d8a-c710-4f2e-976c-d1374d162b15,0.35437536,0.5475829
93b855d7-da57-408b-859c-73163d36f4b1,0.39784384,0.3413473
93bd710d-5406-464d-a6ec-afef90b28131,0.54886794,0.47741684
93f174fc-fb25-4c91-ada9-9bd980174d56,0.48657998,0.40747082
9493c658-96a9-4606-b31c-2b1119737074,0.36666214,0.5242376
949966dc-ada7-403d-b072-77679d859452,0.44263577,0.4360369
95823d18-32c6-4753-af05-d0aaaa26ac6a,0.6176015,0.5213138
95d9dc9b-4b40-478b-a5be-f5c00f08d1be,0.4586079,0.66318274
968c8e23-1a5e-4d5e-b619-4d118ff3919b,0.73350716,0.52822745
971cc117-465a-4493-86be-1b5541be39b2,0.5449692,0.47555855
972e48cf-bbb9-4a37-843e-96b1b1a6c55e,0.42456397,0.59633994
9761e8b8-48d9-4f43-bea9-c6e3dde678e2,0.47157386,0.45576683
97752f8e-da1b-4963-b44f-b31c68635dda,0.31348312,0.5188506
97ab2b91-cd9e-4232-87a6-455094c2a6f8,0.54191464,0.49912396
97eb11cf-5054-4e9f-a4e3-a0b5f2bd13fe,0.529271,0.5035519
98786b29-ac9e-4ac7-b07c-3479293cac6b,0.57668686,0.5054825
98af64d3-4967-44a2-9d16-2054c916db3a,0.310172,0.55435216
994af604-eb65-4106-b0b8-8defeea2f5d5,0.39210933,0.50402164
995e27a2-a9f5-4df4-965a-446755003946,0.55684066,0.5939185
9a96da9a-c6b9-45e1-99dc-f3c1abb02818,0.414125,0.48789313
9b0f54c3-ad02-48c2-a3e3-e95f3bd54c3b,0.48515984,0.52622676
9b1a6010-1928-4ead-acd6-479b2f714318,0.3396981,0.45884895
9b39f4c1-31ca-4108-911d-368e1f79f167,0.3584647,0.49366117
9b9fa3a7-f3ce-49fb-8db1-404f4f702349,0.592643,0.5021682
9bb5f8af-b7f9-4054-a168-f740cf7cd1e8,0.3748236,0.4773775
9c18030c-5a41-4497-8d1d-18e231927bba,0.504722,0.6118501
9d13bb28-7aca-46ad-b4c0-02f6a0f1434f,0.3850798,0.50577635
9d239c97-90ee-4198-8aea-7ef9829db54a,0.65098834,0.5150397
9da79d0b-3cbc-4894-9c80-c0d7250425e4,0.40711987,0.6105373
9e17345d-1a76-49f0-a367-274d3ca2b9e4,0.60445124,0.48992217
9e325f69-e484-402a-a5cd-8e0826dd46d1,0.42151198,0.45782775
9e79e7da-3711-4e5c-b25f-2b5cb4e88a9b,0.30262864,0.5087579
9e84ce9f-b856-45a5-9c59-c672e9c95a04,0.4081127,0.5876457
9f7d807a-ba11-4b4d-8a66-87c4edeb40a8,0.37058848,0.5576965
9f9676df-727f-4da2-876a-eb084490ef35,0.38195255,0.49596572
a04a0224-e950-4b2e-bcae-a16c85569aa6,0.6163629,0.44940025
a187ad41-84c4-44ae-874f-eda9b2a6ad50,0.3687759,0.48823854
a1b2c7b2-d9cd-4c8c-bd74-e042b44b1a47,0.37834138,0.5528258
a1d15e55-954a-49cb-8b18-867f4145e582,0.51866454,0.5407193
a2364646-da41-48f6-9c06-7a7c8d2ef75a,0.43782985,0.54276246
a286ee84-95e3-4113-bce5-1ccf7313f41f,0.31641263,0.5898039
a29d8642-13b2-4bff-a3f9-577ac927a0ff,0.3420466,0.5905472
a2e33b92-07c6-4844-a614-cdd94c403b77,0.62969506,0.47937495
a432e15d-2649-410d-8f07-835bf834e623,0.26917407,0.49002078
a56d93c9-9e11-4c07-8488-ea41ae3935f0,0.6978241,0.53299
a56e7b83-b621-40bf-bb44-316566791e39,0.43100452,0.4253945
a5a25e2b-6436-4eb4-93c7-13110a9301cc,0.50570554,0.61514395
a5bc382a-2bb6-4e66-bfc0-7fcec4843a05,0.7042054,0.56671643
a627ce2b-fb9c-40f9-8509-1c4b2fe1ba63,0.38392857,0.47153893
a6a92d1a-3ece-4000-9174-557450ffc3e0,0.5794125,0.44310597
a7638ac2-4242-4830-aaa9-3c0b55f94536,0.42226022,0.5021494
a787bc83-a825-49c8-94d5-c7db8d955f60,0.37182316,0.43266132
a7a3ef84-8c18-4ecc-b4e3-dc72056cd800,0.48157516,0.63306415
a7d81f79-ac72-4baa-949d-5927e4d45986,0.40410617,0.49698874
a7f2fe7d-67a7-4488-9ab7-4ac9d6f2eca9,0.33656982,0.57979286
a8ce5941-0f69-4abe-bdf7-d3ace190b07b,0.51302046,0.492842
a9132f27-b443-4271-8e06-da47ce7a7e62,0.43626747,0.42533866
a916f84b-d744-4dbd-bfd7-fdb4c649fedb,0.4833732,0.51033425
a98f1393-2aa6-476d-8196-720734b43f89,0.4132936,0.525608
a9e05bdf-b616-4ef2-947b-b4687728d3be,0.43997175,0.47684374
a9ffc8a9-f679-4436-96be-8fe63f559f76,0.34949356,0.52703196
aa03ff19-9571-40cf-9f04-fff6740fb4eb,0.6324132,0.57266325
aa57daa2-a3ef-416a-8ba9-5facaca652f8,0.37842494,0.5122438
aa680579-a442-44ea-9bdf-f28ff10b6c33,0.4516493,0.55011517
aa7c66f8-831d-43bf-b9cf-13535692ac8b,0.623913,0.4296354
ab40c613-b314-435e-a11f-cca2f23071b6,0.3711614,0.47543436
acd3f260-7ad5-4ada-b975-7320f6e61511,0.40056148,0.5095014
acdedf0b-35c5-4055-8696-4f09419996cc,0.47299585,0.5581114
ad04c158-904f-455b-abff-410e95cfba04,0.51624346,0.46485147
adac3794-d0c1-4303-ab1b-aa79aec47a0b,0.32136664,0.6155591
add1bcab-7763-4cb4-9555-4dd6465b3723,0.39468637,0.509012
adf90f57-77e5-47ff-8072-81f13bc1499f,0.38816503,0.5495827
aeaea109-1a5a-45bc-a998-422525b14888,0.48808464,0.50317544
af7c391d-1a0f-4443-b2a3-05268a884d49,0.6664993,0.52297217
afa1f57c-8f0f-44a3-b6c3-c1dbda0b57ec,0.41760123,0.49927574
affb4368-a13f-456e-a295-532b3c1316c7,0.5348909,0.49542952
b01bbfd6-4f8b-4ebe-bacc-8bd3c2cc174b,0.39668587,0.28961638
b0273a73-2d2b-4e0a-912e-816352bf67a3,0.38578048,0.50843453
b09d311f-4ff4-4f77-8587-e8f29cc55301,0.39828962,0.49235082
b1222216-ab73-4659-bd77-0b2cf7c4a6c0,0.44845113,0.5159866
b1395584-552a-4d8a-8d96-0e9997113bf3,0.56062794,0.4360592
b16754af-a26e-4c24-bc3d-48270a832b77,0.39910424,0.49595442
b17c73b6-a6d3-4d41-8e6a-b485d1717edb,0.588599,0.48112226
b1ee8fd2-a836-49ee-b02d-6ffe13cb24c5,0.5800495,0.46189305
b23d7cf2-647a-43de-8a78-3faae3c1a48f,0.550472,0.47314468
b313e035-ded6-449e-a24f-570aa5fba164,0.26563612,0.5814926
b326e1f8-a224-42d4-a0d3-a03d8d3a7a92,0.2504461,0.35702038
b3859083-3cf1-44af-a93b-37142ba48a77,0.49734074,0.46166608
b3a83482-cc85-4a00-b6fa-6fb162d70687,0.5461617,0.47805128
b3d2b7ec-74b0-4302-a6a3-fe18654785f0,0.46610418,0.45356834
b4841de5-71eb-4525-9e9d-fe086031eda2,0.34018677,0.49492568
b4899d21-967b-4d3f-bba5-1a5a472255da,0.36662823,0.5223165
b539d26a-7994-45e6-8efb-dd838fd103e9,0.46026668,0.50498736
b56b4c1f-37ba-41e9-93ce-35091e89f914,0.6866513,0.56316864
b63e905e-cc5d-467a-8a23-a5107e45f9c8,0.6517988,0.5186445
b66175a7-cc87-47de-9278-5116d8c99a8d,0.45954835,0.46761006
b6661aa8-fc77-4421-8ee1-1a76fe634626,0.39090058,0.5599155
b6858cfc-9529-4cd0-84a7-e57c7dd3337f,0.60978705,0.5290134
b6bb33fe-bd58-4370-9bca-57552841ccd9,0.4241137,0.5184293
b772c510-460f-4fab-9dbb-66467e7fe38b,0.53825194,0.47644067
b77ba0e4-82da-4283-bf35-3bc8c1c02a11,0.45729518,0.5489396
b7a1b365-715b-4293-ba2f-bab583a825c2,0.43652344,0.4613451
b7a86b17-34b1-403b-9de3-a5ed896eceb9,0.53288734,0.45165268
b7b805d8-fee8-46b0-bd26-70b237669071,0.36656234,0.46853337
b7f12fe7-2fac-47f7-aac5-c6e6261da7b9,0.35656586,0.50912195
b86abad2-1f36-4234-9c34-abfb1471a7f2,0.46457034,0.5036724
b9751c98-ca64-4bed-9e8b-c4f4995d5471,0.6683529,0.529678
b997b6c5-f488-4a99-8c12-95bffb82d3aa,0.6363725,0.51193863
ba22420b-887d-45e2-83f3-0896c9a0e8d1,0.6883242,0.5081129
ba8e5460-ac7d-4d22-b8b0-362da1f9b26f,0.51360434,0.53692085
baf04316-446b-4f89-a8f4-cb1175e9d7ee,0.3535866,0.40373546
bbdbc713-74a6-4f70-9845-41895ed3d456,0.2836294,0.52817285
bc078a08-4db3-4167-9115-ed618c010518,0.415916,0.4456367
bc949289-7b56-414d-87a5-aa3567a43397,0.5873204,0.48878965
bcf77fbe-3571-460e-8069-5e28251d3afb,0.5055485,0.38447917
bd4a57cb-9da4-4dd3-bc3f-1effbcdfde20,0.46048504,0.49610937
bdb9d298-5309-4493-be42-4407a7b9ce15,0.6029423,0.50996846
bdbbab2a-3140-4891-a850-386dd4c56c35,0.5972219,0.45166567
bdfe9b83-3d22-4e2c-9b38-3d633b2fe1e5,0.40807933,0.53482676
be6188f6-55a1-447d-b712-1a2ee20060ea,0.45621264,0.52259254
be6e375e-cef4-4566-aff4-d4d0088599a0,0.6895624,0.46931732
be9e0bf9-e408-4305-a5f4-f655e7cd3bd9,0.5851976,0.47335273
bf1f0e4f-8375-42fb-9140-fc2a52dbdf00,0.5133393,0.49925774
bf2f7cd5-86c1-42a2-874c-9a15e3b7e4f4,0.7777202,0.75204545
bfafd60c-bf03-47ab-a6cd-66c850082245,0.44711342,0.5275929
bfccea08-d6a3-45df-b875-2bd737fe24a3,0.5241415,0.5331095
c08a6e0a-2ab8-4d33-962a-846464b9b2e4,0.46807444,0.5947626
c0967c66-ad29-48b3-8088-1f4344fe07a2,0.43648386,0.4354826
c22ff7b1-38d0-47e8-b6a2-ceac01ada15e,0.39536688,0.5027816
c2b845c4-d66f-4e91-bee9-be13a565b363,0.6161389,0.5102125
c365a00e-0100-489b-8553-d8e1c8c0f5f9,0.43190935,0.32607546
c412b3e5-f168-4569-a6f6-06e53c6862a2,0.4113265,0.44147322
c43dca63-9bcf-4789-b2b8-567e2f311dd8,0.50801134,0.49486127
c48562e8-6f53-4fb3-add1-d12c07ee277b,0.6440285,0.45382994
c4c697b3-88c4-427e-8092-eebae7c696bc,0.47834975,0.48850733
c4d38a4e-8410-45b7-b59c-c9a8bda0d81b,0.22529458,0.4768422
c533650a-d1b8-4a87-adf9-37d1cba316fd,0.36596158,0.5180088
c54deb64-6b0a-4644-83f6-8f32b77460e9,0.6144313,0.45162076
c61da286-99d6-429f-96d7-569d39786b8e,0.46781406,0.4703851
c62f7961-ecc7-465c-b514-d4c94ca45377,0.5164747,0.46355876
c6308e28-8911-4bac-a8a0-b88fa3ea8a1e,0.40520155,0.49473798
c6c66ccf-1b44-4892-8b1c-abc2217a326b,0.4315316,0.5899154
c6cbe01c-5166-4555-b50c-dfeac1631a65,0.42405108,0.47312406
c6cebf5e-159a-45b1-b171-5b4ea0d55fc0,0.6464387,0.54331595
c6d2e35e-9bde-4931-b324-fbfea42bf7c8,0.5953383,0.5170923
c7e769fd-ad68-43b8-bd37-b487829ae5af,0.4424267,0.4682136
c7f6c5b4-97f8-48a3-a0dc-275ead352d40,0.40290794,0.53256685
c82adff4-9736-4b6f-8d95-8e1a34adf800,0.37875745,0.49926785
c859b956-cbc1-400c-ae9b-a133bce4e528,0.37921524,0.49132144
c8b28910-e7b0-4f87-acb5-8102c3fcc45a,0.5353407,0.528773
c8c19812-7100-47d1-8f17-ffee3b413481,0.3769104,0.5844505
c8c2c6ab-f7ff-4a6d-9b9c-0b6655627cd3,0.45712143,0.6051049
c8d241b5-c0e3-4ac8-9ebc-6f17faab5646,0.40858233,0.4974157
c94e4102-b0b9-4381-aa63-b0be8fc4838c,0.37119234,0.50531805
c9998cd5-a4d2-4642-b4be-8dc225dbd384,0.53028536,0.56027216
c9b692e8-2b76-4f84-b536-c0e6abbea89c,0.53253686,0.5006307
c9f576c8-8ca6-4c69-ac3c-0223e08cbbf0,0.59790677,0.6091475
ca92d788-d046-4f7c-97ae-8dcf1a683854,0.36414778,0.60988235
cb0f87f9-0b9f-49c3-93c3-a8b45b103c1c,0.41506508,0.47306982
cb2fe320-8421-44af-8cfb-cdeffa64e2c3,0.64063394,0.5576811
cb5cb4d6-a4f1-489e-841c-304b775fdd03,0.4835248,0.5118904
cb95f6e7-6f99-496e-89ce-1f142b1ba4f0,0.42879963,0.61618745
cbdc3cb2-e957-47e2-9dfb-eaf3a70ddd76,0.47268426,0.7349751
cc318b4b-f31a-4bbe-80ca-f97e93f73e31,0.5815205,0.5265993
cca963bc-0ceb-482a-9917-051154047daf,0.3943044,0.5121513
ccd4fd05-78b7-41ae-ad44-544aab4ed2d7,0.40453884,0.52421707
cecefc6b-7b96-4805-a71c-3fe7b04dba5c,0.45442367,0.49275252
cf549e90-fcf1-41d1-8d23-c61eceb02822,0.42278215,0.4629286
cf942a53-d392-4bef-a2a1-a97bcb85df5e,0.47684842,0.40099984
cf94972e-e1bd-4787-9c11-87d208ada9d7,0.44576132,0.4076319
cfb30148-ba72-4974-96ab-a3a66de2902e,0.4632243,0.4074046
d02fba6d-81b0-4081-b150-7f0536395532,0.6352299,0.52956986
d0a524fd-f5cc-455a-a958-dd14b443a92c,0.43913022,0.5213777
d0b2f3d1-d744-4450-a6b6-d3c471e7ca59,0.39031208,0.45649055
d0e40ad7-06ac-4c48-af86-7fa9442643a8,0.45106816,0.4701956
d144fbdd-f38b-40b9-a60a-a6e9d7c31cae,0.5880779,0.40734372
d14ae4ea-2e62-47b2-9605-5d7c6febbc70,0.55624384,0.44802558
d15532d1-a33a-4f23-853f-7ea253f696ac,0.31404942,0.37239036
d1d3b52b-00cb-4fa6-958c-5ac22e85b84b,0.47309938,0.43948668
d241509c-20e8-4250-bba5-28859029f806,0.37548584,0.42334378
d2919083-4d53-450c-a66f-21867dc138fc,0.40943357,0.5435101
d2e8bbce-97da-4102-8e7d-1469997eaf41,0.56829923,0.5204364
d3281954-b850-4a1f-9918-815f6f6bfb08,0.5659457,0.403316
d351d60b-5592-4d58-8632-aa34fe4b8f07,0.49275073,0.8711806
d398a90b-21c5-4242-9f5c-190acb5ce7ef,0.52216357,0.48635498
d3b07406-ebbe-4c86-bd76-ee3ba4462b3c,0.6100035,0.5833385
d5089a96-e389-4b6a-a38c-a85ebe87a0a8,0.39951482,0.504011
d53af3d5-8087-4a9b-a3f2-a511c1242753,0.40088454,0.5136866
d5af5c56-5af6-45f3-9182-c6e6231b22ba,0.40955737,0.52280945
d5c530b2-353f-4ef2-9350-b4056d0937b5,0.33951843,0.60838246
d655e3fd-655a-4511-ac32-684110723acf,0.39062333,0.46186984
d6602393-e783-484d-aa26-0a7d88399db5,0.35737836,0.52874964
d6a3de7b-7cb8-4db4-a3ae-91289a1fa6a6,0.4374922,0.4539189
d6b29b76-5bed-4c31-9937-f93e6b49a64a,0.44412872,0.6291907
d6c1bfcb-b7af-4f00-b5d0-b20703effe55,0.67491114,0.5054539
d6ce33f9-2b43-4bc4-b1b0-fab0e66e3ded,0.48798066,0.4716709
d73c063e-8329-4d0c-b0dc-45481b797807,0.5685368,0.5420226
d7a676bc-4b42-4cb4-85aa-8211a989e98a,0.39573374,0.4616398
d7d3d826-6158-4bc6-8500-3988dba8d1b1,0.46784502,0.54302055
d8a3aee8-e50a-49ec-83f5-f44656ef8788,0.57419485,0.50590616
d8e4321c-b422-42b2-8833-8f5ce8ed22f9,0.5085346,0.46500394
d8fba1bb-f5d9-4ed7-a08e-e913b8f19e23,0.43897194,0.5262265
d95919ce-2129-48ab-85ed-84cfbee809e1,0.34333298,0.5563144
d98bc431-ad8b-477a-af18-d29c92d04417,0.58316773,0.5248351
da4fd866-8a4a-43ce-8816-fcc07891f54e,0.45478228,0.4568641
dab73e03-3100-4e29-ac57-4b3db62d1f46,0.5732964,0.50433016
dad83bf9-6781-46f2-a1d0-ba957eb4959a,0.38837525,0.42863238
db395b83-44f6-4f02-82aa-f1aa4b152365,0.35552365,0.5339567
db49837b-ab00-4dfe-95f7-418171e2d3a1,0.45663768,0.5078756
db88e63a-2604-47dd-9753-bbf964f8c26e,0.47728527,0.5071052
dbb14be0-1c6a-4870-a475-fd6cb70bba45,0.71100533,0.5264389
dbcdd12a-a34a-4045-9912-15c3a8d1506e,0.4234585,0.49506414
dd115de5-752a-413e-ab0f-e714f9b1271d,0.54451334,0.55464214
dd167032-6526-4043-854f-7f6f5d969629,0.39774397,0.5792226
dda89943-d242-40c8-9989-f20eaa38e8f6,0.39639914,0.6685353
de490631-c8e9-471d-8444-04463416399f,0.5445989,0.526537
ded0598b-39bf-4ec2-8e9c-b69bfeb50918,0.5208406,0.46401107
ded84bf3-2021-47ec-a865-9ce90bccbbb6,0.45039818,0.51913875
dfceaffd-30dc-4951-8958-5dc75692bc63,0.34139246,0.5229505
dfe2e4e2-d65e-471c-8db0-3227c8fded34,0.431864,0.42007047
e05d2640-680d-4ea2-8aa0-0475ec6c4ce7,0.4813045,0.45997941
e0622915-96ce-40c2-af78-c6f85eb19734,0.5973826,0.5854774
e0e287ca-24d5-46bc-b942-873cd60b31e5,0.5311236,0.43764514
e0e3d32d-7fcf-4382-bd62-60085d7e989f,0.37772802,0.47613478
e0e6b1c2-8c9c-404a-8bb4-54466527ef0c,0.5422325,0.34847468
e3176e35-875d-44f9-ac2b-f0d4867b9772,0.55309206,0.47649813
e3428c81-c1a3-4139-9deb-ab2b9aae481d,0.36898026,0.60762084
e4619e7d-733c-4171-9a35-13b7d4f1f23d,0.4200268,0.5094617
e51216c3-a23b-4b21-9977-bb5364d9a2f5,0.5486126,0.55478495
e5199f23-9bee-4581-8f8a-4eb907bccca4,0.34818816,0.57471645
e544e679-38c5-4b67-8e4f-228bf11b9d9f,0.45329374,0.47048113
e562d0ac-38ce-4c28-9a8d-9a08f91d49aa,0.32863232,0.42503846
e58f1a6d-d42a-4ded-afa8-82fdac8e1184,0.48990938,0.5348811
e5ae883e-0873-4fb7-85b7-bac15d3efadb,0.63031507,0.5893017
e5f26367-6958-4156-b20d-49889ff7e8f7,0.5188869,0.43532112
e600bf3b-d423-4bb4-b7d1-b4698ab0b598,0.3581783,0.55408674
e626932a-fa78-45c3-bee2-f9586dd8cc75,0.48282054,0.6036732
e68ce667-a8aa-4c0f-a36a-7506fac3e58d,0.3756929,0.5219831
e7021312-a3e1-4717-a499-7d951282f9a3,0.44859165,0.47669923
e73c0058-6a3a-4b70-a31a-fbb84618f988,0.59917176,0.47172004
e77203c2-0bc6-429b-b07a-8d2ea0235fa3,0.45413196,0.5280908
e7808896-483b-435a-827d-db1db882328c,0.41239133,0.52704734
e7b30b93-cc28-4450-8cb1-47141854034d,0.34686673,0.5086178
e7ea8d64-5276-4998-b1dd-dc7d9596ff02,0.44615,0.47514307
e85e0353-f55e-4393-82e3-6d2e0581431c,0.6357501,0.5473347
e863047d-8059-48db-9a1d-e7f58d6c82d5,0.45282355,0.48963785
e8e83ce9-7720-4d00-9d3c-bd97bd9b0e12,0.4574413,0.5472134
e8f990fa-3368-410e-8a7a-403fb84d6f82,0.52353346,0.3844608
e9e4f1ec-bf0a-469c-927d-4e5dc2785d4a,0.3627465,0.5216565
e9fc20c7-361d-4486-ba29-e5046cb9ae36,0.4063002,0.504991
ea18981e-fa91-4da1-b48c-fb73e11358d7,0.4439075,0.47879565
ea1b0daa-5d66-4d69-aa6f-7befcd24e4dc,0.30047092,0.48788285
ea1f8e41-321e-4941-a574-4a086d8e7889,0.47194237,0.5137088
eb8dae31-37ff-4513-a427-44bcec6a92ce,0.2889957,0.3733913
ebae8196-66c8-4970-8a25-a77974be4c40,0.44488662,0.57242143
ebdf94c3-51f8-4c09-9a36-a459a1ecd32e,0.5458325,0.5067324
ecbd5fa0-ba3c-49bf-8223-5241209e4af9,0.4050881,0.50898176
ecc74550-4563-4738-96cc-0c217d09b215,0.46923488,0.44293013
eccedfec-6a82-46e3-8ee3-a83622ceca4e,0.6084249,0.47603193
ecee5aed-79d8-4ad0-a0e7-cd5f328d4239,0.6062017,0.46496272
ed2a83c3-7158-4673-9ff5-3ecff9aad3fd,0.48955706,0.4519617
ed56a226-d416-417a-b445-8c7018be5222,0.47422674,0.50418156
ed5b6a28-fa85-4d46-9098-a14acb9616f0,0.5582713,0.45477661
ed7571d3-8942-4416-ad43-f6dfe6c0cd51,0.47329682,0.50573623
edbb9daa-7775-4a86-b7c6-065dfb9ed0be,0.50885016,0.49417278
eeb4c3bc-1d5b-44fa-9e68-ab56ef480cd6,0.44469765,0.42025304
eee4406d-19cc-46cf-9c0f-ae2095d5ffb0,0.32927305,0.5038407
ef7ad070-c0f1-4910-a0ac-ec8a154afe3b,0.59578776,0.49550664
efce7581-fa58-4c27-958e-9c316f1bb78f,0.5500836,0.5264944
efdbeb16-0439-4957-9072-921fa37b49ed,0.44693297,0.48966148
f206204f-7350-43fb-9ecb-8ef892363c4d,0.45099378,0.52137756
f259c03a-b3b4-4f5f-9d7d-f204a93bbc8e,0.6512406,0.55672824
f313f10e-7221-4ffb-a347-eeb83d727c1d,0.38799867,0.5024393
f39a7b55-de67-42ba-8121-81a94135ca98,0.28340077,0.49006233
f3a1e988-c0f4-4508-8872-0b2860ac6c27,0.3944516,0.5016901
f3b01299-4dce-44a8-b08e-130fe4d0e2c5,0.49689564,0.38163945
f3d2061a-9ffa-4fc2-bf46-f9990b6055ec,0.41455895,0.42226762
f424bf11-51a1-4a3e-b944-b9b3a62d57e4,0.40756682,0.507744
f42650a5-e32c-4b8e-9cd0-7f9f6c5935da,0.3437497,0.48267138
f46f552e-619b-4447-a594-fc7ca8ace32c,0.6224611,0.4763718
f51b6264-5a65-4cbd-9d32-957119e3bf90,0.49882156,0.48236072
f5c20d17-1f1e-48d1-ab2a-9eed5128a79e,0.37483796,0.52511644
f62b1643-06df-41ca-bce6-ca34f16eaa51,0.37177277,0.49933645
f6933091-b050-4d2a-a8fd-231b0c51cd61,0.31140122,0.5788429
f6b37597-3bad-4bd2-adbf-92254178d0ef,0.39691755,0.5108933
f6e9c0ca-e983-4076-a2dc-1d55ebd07a13,0.44164103,0.47380596
f766a71c-b94f-4119-a8a8-45245e155085,0.4916309,0.5451458
f7890393-a90f-4dda-b5a5-cde756ba4b49,0.36627713,0.5111919
f7b5b6bd-f947-4240-ad06-9c69e3abbab0,0.44684517,0.39928064
f7c42f44-6b76-42ef-a86c-e488aad7047f,0.56698114,0.55922276
f7db3ada-0717-498d-b58c-ac4bd949d347,0.50309366,0.6877794
f7dd695c-0449-446a-9ff5-493abee66935,0.37280267,0.5389205
f8e6e3d8-cb8c-4130-977c-18c4517983ca,0.4877524,0.50774115
f8f12a34-6a80-4a59-b49e-8dba4fe1e44b,0.4517946,0.5329882
f937bca2-3bf0-4492-8321-4a27fd29d1cc,0.39007935,0.47092628
f989ed21-8b86-4420-a217-c59197bfdd6a,0.5855004,0.48166704
f9aa5f7c-4361-48ff-89c4-2c27d2f6d5d5,0.67489564,0.50861496
fa00641d-2471-4362-8b9d-75546cff43a0,0.5226336,0.67542964
fa861463-8518-49a8-8436-fd195e3118f7,0.435586,0.5078056
fa9a4fba-6fc7-454f-8c6b-3c263cdd6021,0.47054964,0.5047907
fab9c152-dcc1-47ca-84fc-76b9daa2584e,0.60133994,0.5876087
fb6af241-0162-40b3-83ea-246fb5a3fd03,0.54453737,0.5195443
fc714691-146b-4236-8157-78c18af09446,0.59502304,0.5413443
fc78c375-7820-4d4b-b8a7-2871750c571b,0.60641617,0.6699131
fc8481a9-7975-43f3-8a76-c054d51e73ea,0.63015133,0.4930657
fc93d9c9-1b89-4202-a32a-ef67295c1fd8,0.37461188,0.5416411
fcfab357-c5c6-43d3-b70a-2844c0454c63,0.3194083,0.5581092
fd5859ab-7092-40b1-8abb-7ab3d566b138,0.36064568,0.5016458
fd67377b-87eb-44e6-900b-68ebad9151cd,0.35302112,0.5442172
fe041e5b-c584-4038-80fb-73f20fb1273c,0.39182642,0.25405332
fe398646-1fde-4c97-b589-520b5186a428,0.6170374,0.4877313
fe7adca8-9f18-4048-bd9a-a0d1c7636378,0.5635225,0.48834854
fe8ee69a-b37b-4e1b-be58-9391d29f0727,0.5959596,0.48491976
fecc1142-5009-42bc-b2c8-389c77e7b1fd,0.50287724,0.4973446
fed0ccb0-fdf8-423a-abd1-cef80cc4d6c5,0.24927217,0.50778323
ff473925-7c78-473b-b3e8-8b39faa72559,0.5820909,0.5286458
