id,uuid,ip,ip_hash,sex,age,region,politica,datetime,score
1,0fe66628-4898-4089-9609-acb5dc9b0a13,186.104.139.230,1876db65de72e68e53b1c01479fb4c75386e39c6f8d56fa7dcd58cecb94ac3da686bb79da8ad92a221f6933959bfe72a86dda31b978ec5690e9ffa32c19e52ae,Male,12,Samtskhe-Javakheti,5,2019-11-27 16:19:14.457891-05,
2,55dabdb7-6fc3-4c17-ad99-da89dd0928ab,186.104.139.230,1876db65de72e68e53b1c01479fb4c75386e39c6f8d56fa7dcd58cecb94ac3da686bb79da8ad92a221f6933959bfe72a86dda31b978ec5690e9ffa32c19e52ae,Male,21,Samtskhe-Javakheti,5,2019-11-27 16:26:50.873189-05,
3,2282d56e-cd9d-409a-a41a-657185d6f02b,92.54.233.63,38f23dd85321a7a5d6843c86098cf567aa3d050acfa9ebcad619c28403ad21accbea173147d57b48fed75296681dc582c052a8e78a54409f4f426f3398f84988,Female,25,City of Tbilisi,5,2019-11-27 17:25:57.856182-05,
4,1969ea59-50f9-4a87-bf8d-e96b1a0ca853,68.134.227.8,2c4224737ecb390b62a3ac0f3c843435d907a23dc6d43c00d001988debea8de31d9feecf89af85519678c93fcf22081c03909d757832c8383ea62157692fb664,Female,58,City of Tbilisi,5,2019-11-27 17:27:10.889667-05,
5,99868c08-0e3f-4039-a9e6-5a8f9f1e5e92,85.224.163.157,19297c58de435429967d8a4fa7793bdf891f399b8e363833ba5b1eba164174125e86bc1bb12380673b61f5dccb05c2c235cacf10ae09fc4e729118351400d701,Male,28,City of Tbilisi,5,2019-11-27 17:34:13.042715-05,
6,5886ce2a-31a8-42d5-972e-096d532bd401,94.100.229.97,b00c64f98f2ea1d4df4c38363c0b8e9820b3cd7d514a6be0f948a0acb8bdd5ad2e287e97e3e265f80628181179d20b277f83d30615e21afdf5b312be8473527c,Male,23,City of Tbilisi,5,2019-11-27 17:43:36.093911-05,
7,df13b93c-9813-49a8-98f2-6ad55f5ea748,93.31.7.93,45e0307dde0b3837d014e8d324b4d566c9060fdbede742ccc28010d521fcbceca0f956e4d3d4df294a7739c05dcf579eb61c95494bb55ae42ca915b6f644065d,Male,24,City of Tbilisi,5,2019-11-27 17:51:18.680164-05,
8,4a33dc57-9bf7-4cd4-beba-a2c4aa30f53c,172.58.222.184,1994fafd7d589247092c7987c438bbe86e7db84f49aeacd678891dc58c4a96bfd4ee89347dce381c54be32f4cbd6e36039fb08c8bd4efc9331cbc508f5b2b9e2,Female,28,City of Tbilisi,5,2019-11-27 17:56:48.179102-05,
9,e628bf27-8861-4635-a6a0-1f6e294e727c,109.242.152.192,7753155e917afcb1a3083e931065bf5df6a6e9f2eb51710d2af2d604fc6c403058ca2aaea37ee4bd62ad2032e1c7595615fa9934c4b24d433ccc1ef4ed4cf587,Female,30,Imereti,5,2019-11-27 18:12:37.739899-05,
10,243eac2b-8698-4b9e-b5c0-721fefb1a693,176.221.148.218,e1254a90c12194f151b0b248d9bc5b3f4737b8f9411945c8dcdc9514c950788cdbef55c53f40ae2e4f555094a5a0afb3f4fa54a17dfe4c2da038b7322f7f88db,Female,26,City of Tbilisi,5,2019-11-27 18:22:13.460894-05,
11,da4f04b2-a854-4743-a544-d64ee02cfdc4,172.58.223.20,6a0253c018799972bb55b7a4e0f3c5e84bbbf1418792f8566097587616d86d9a9425e183c0875cca66b371ffe32464711f186047c7398bea0facf774ac0c06af,Male,39,Mtskheta-Mtianeti,5,2019-11-27 19:43:01.625024-05,
12,7fcfb9cf-5532-4719-9912-cae5b4d1febb,109.172.245.134,e58f7e256ff2eccb9df80dcacb689aa3221d5141553145434ee81433ab3a3bcda990ddc5ee53cfb4610b5c86d53cab84b28ac862c77c6087af570ea2ac7d9d4a,Female,19,City of Tbilisi,5,2019-11-27 19:46:02.550385-05,
13,7c3ef916-b3ef-4fa6-89ee-f80d2b38be81,94.224.115.223,8270a8cd2c75d7b45431c5b934c423051cae08c8df398c012cc1aca09be0734d261a8778a8e6923461287b8b3da884116728b47683f821fbfdbe71a9db7ef97c,Female,23,City of Tbilisi,5,2019-11-27 19:55:05.066158-05,
14,54906cb6-3c80-4fe3-b5af-a0092b6fb9cd,188.169.163.78,8852eb8655278d5a746f6e34afae6855f8a461f8a879fac1225cbcd4dca3eb23f8468fde93a971deefee2291d577d3d2300f33e2a34d06831cb1e26bc5b3ba53,Male,23,City of Tbilisi,5,2019-11-27 20:08:30.971228-05,
15,19e53fcb-e178-4e06-80fa-2ed3e22c2ae4,24.228.146.81,3af5e23ddcd92680b5e9e0f975ac7a3a1d2c25db24e1f76abf7fad47805d4f82e1563c62147eb8675eb17d4664e4b7bc516ad853c4a5d6d3a0e723f50ed8eefb,Male,21,City of Tbilisi,5,2019-11-27 20:43:33.624224-05,
16,044f74d1-f5db-4195-aecf-f70635a2ad9e,172.58.230.166,327c558ec6bacc37a0563fb209fdb40bea271bfba552f1ada86ea8a2631f02f44f6643dc9f9b10f97933030c32ec50e3a6c2068c5d4de6fca57eb6b5ad8f4c9b,Female,28,City of Tbilisi,5,2019-11-27 21:55:26.37966-05,
17,b18af78a-96fb-461b-9178-a7dd15864bce,31.146.221.62,0d6c6e6ae040c1d044bf33b2023e50f96232762a3aeb5f60f9ccde56c270537d1b8244d94b6675e1a30415564cb27e294340dd0724ea0c4d4b10dbfeeb4ba23f,Female,25,City of Tbilisi,5,2019-11-27 23:04:58.826834-05,
18,6ff37ad6-0a56-466f-9aad-f33cbfbffb4f,134.19.254.126,266c4d0ea19bf67a5228769f34fd39c2942d5a8c225a56b475106dbfc22a67bc48966d00a6614e63f3891c45df2fa56ba7fb803edd93b6be59198772c7be2c64,Male,31,City of Tbilisi,5,2019-11-27 23:06:47.861371-05,
19,90095138-2707-4640-b5cb-0d33afa4ed67,85.114.224.68,c6cc256120aa0f1cc868ab761d7972013b3fcaeb4e15b1b6abf2c801634e690c3df770447160f9d216cde12f691dd53713f9d4dbf9d0e1b6b0bec378d62e10c6,Female,50,City of Tbilisi,5,2019-11-27 23:55:06.080751-05,
20,2162f67e-dbbd-4c72-a8f1-3b75ba912b84,149.3.44.145,6514717be4a8a142dc9deb20fcad26c00fc7ad3707aaeff0128a68e6f889c6b028001074dc19fb5d871babfc983dd9da45e6c634551bbffb106c23c3fc4e8cca,Female,24,City of Tbilisi,5,2019-11-28 00:07:57.048963-05,
21,c2103604-256a-49ae-903e-d4ed3e42ac16,82.211.153.203,e4f3adf4464b1dab6e14dca1eb866ac414c7bb743fcafbeb86748a410e1c9b3e85b76588682a0419918eb36027c6b1c7954d4641abcde2cc424e1f1cd87f0097,Male,25,City of Tbilisi,5,2019-11-28 00:11:46.203121-05,
22,172efc8a-bc69-4f25-be4d-f4e307fc2d73,94.240.205.238,5efe13216e34fd4fb6416d56f5d89e7ac9742a609b04d8df5097be710b938590ce678701b19a9db59cdbe6b1181ffa60bae8fb6e26af6e9982b2564f1150b6c2,Female,50,City of Tbilisi,5,2019-11-28 00:13:59.1375-05,
23,4bb88397-a934-4148-9913-2cca353a0403,91.184.107.34,40e4e7aeb43a2d2e0c4f686186c95816ee63b5e511b46b67bbcf870bb90138a75728adb4ff2b26a9d9a4f3fb9bce5bc0de9627469c305d3dd19022ca6d23f253,Female,24,City of Tbilisi,5,2019-11-28 00:34:25.615933-05,
24,5070346d-27be-4147-8f4b-e075e584fdd2,94.100.237.13,0fed8c10d30f9c8ad3a60f798687338ae441d1ef5f29c099d8edaed5b48cdb3f22ed34574de9a48b2d62bdf659343054666de24e5162a0d51da7fbc42bb5ff55,Male,44,City of Tbilisi,5,2019-11-28 00:46:04.145998-05,
25,2f8b95d3-e2e3-421b-acf7-bb13529606db,91.151.136.91,f223e3df9172dfec7fd3f97f5f9a34cf9ab27ba7c843bcc58468ba509a572873a4edf84816c46a36a16f9d4361517f209e844e679ae67200b8b0fd858d351d17,Female,29,City of Tbilisi,5,2019-11-28 00:46:19.143267-05,
26,4edd1d35-fc17-4f99-86f7-365e039d1eba,85.114.232.27,042db57b733a7b76b4a672d008432c0fc9cfe09e6701075ba39284472ef6300e7b95e72c0df530ba46bab2b7185b7143879cd6a99e666eb5c30abb4d79bba804,Male,51,City of Tbilisi,5,2019-11-28 01:10:31.410037-05,
27,8455bfd0-7c97-4fad-a5ff-dfbbe48276e4,178.134.125.196,13d1965b0fd45d9861c0a36eaf7d9a2041999ab7279202921b881c6eadcc7867c1ba39381b3228d71167bbece098f7c90538737ca69e5923b09d6c8af3869897,Female,26,City of Tbilisi,5,2019-11-28 01:28:00.959954-05,
28,775e5052-089d-4255-95ab-bd4dc962c2ee,188.169.145.87,eb03b5535ac0de55e19d35e2bf48e100084686541a4b4b14008fa5cf7b9fd00f23a73e8078c6fa685010d14f329039df51239a8530eab3f515c68e4d608817e0,Female,22,City of Tbilisi,5,2019-11-28 02:18:42.742685-05,
29,cb78cb9f-9675-4a09-a387-53c41fca6d42,37.232.8.165,23c0b7fc51bf4e7eb220f65417b85105c5091a96a9981fd691b9fab52458f82490b1b750c136478f62c76ccf21e55d281fd55ec06344975d9e6d2b4ba08a0d39,Female,24,City of Tbilisi,5,2019-11-28 02:26:47.853547-05,
30,a832f32a-451f-4c6f-9983-36487eea12ea,213.131.54.30,50da625926044e950d39db494f2f3a6eddaf989535d40695a219421a6f53f5049472fe7e9b90fca245e33be99a8e7b72745a31b273edfcea7aec4071f642d591,Female,49,City of Tbilisi,5,2019-11-28 02:57:04.7953-05,
31,4c7cfa54-4104-406d-9aae-e01bc97cf095,86.95.122.20,90c4db13e8465cd308d9c6d9bc8395ba39ab8b11eaeff5ca6bb70e3fea2f743300e7ad118ed0e0c2dd001d8f70595cd12015b34a7ebbe0a59c2af280352f511d,Male,19,City of Tbilisi,5,2019-11-28 03:01:27.678301-05,
33,5952e154-d65d-4aad-be77-7a7f3db6ec67,213.131.54.30,50da625926044e950d39db494f2f3a6eddaf989535d40695a219421a6f53f5049472fe7e9b90fca245e33be99a8e7b72745a31b273edfcea7aec4071f642d591,Female,51,Kvemo Kartli,5,2019-11-28 03:41:31.953112-05,
34,c2117adf-f8d2-4d19-a502-167c0dce3125,37.166.85.63,cdc5f70d279219fcb901a8b893a7443a66272ab30f8bb7c980fc58b5b7e23de073165cc64e96e553aabd5203af60ca9d214782aa4ba2a58580717e0e5ad80d67,Male,24,City of Tbilisi,5,2019-11-28 04:05:15.924852-05,
38,2677ce9b-6894-4cd7-ba53-5f1f414a389c,92.54.250.91,fac5f648315584a4af2f3e5620bc8c57b36850b8ae370165da3580e974191eb3125f6eb2038016281d0468e44f2db5568cc4527484f64c7c0f721655d874f822,Male,24,City of Tbilisi,5,2019-11-28 04:55:50.102095-05,
41,fb670b6a-afe0-4641-8fba-bf5db54d6ca6,93.177.190.92,50094add4961215081a123417953345008e23a573717bda918a3fefe3d2ca0a7a0f02e5b4f38cf57cb2f8f85677f43f8fdc528b953481cdad6ccf5234bff1169,Female,54,City of Tbilisi,5,2019-11-28 05:53:10.43348-05,
42,d27eef5c-f03a-4914-8f75-059b8ed57fca,109.172.130.14,a9bbced4e206ac9f4c4c726741e7e31f77656199c83c6123095c4b80c8977862ffd5c2395f05d7895548b6cb41bec7ba60d7f1bc718be05bf1ed487e70e07528,Female,24,City of Tbilisi,5,2019-11-28 05:53:21.771107-05,
43,5604b57f-d218-4e52-97d5-50aa3803cddd,91.151.136.135,100cff214ce50ef7f6c5af834ca4bddd5edf4511d8b5431e7baa5cbb1e1c36ceb22c7d3ff023ff5181272fcf259e5ac2c4367f0183a5a1c144a40ee217107027,Female,40,City of Tbilisi,5,2019-11-28 05:53:28.112624-05,
47,69f5d44c-81d2-48d8-81cf-4001d0c985e7,46.49.1.134,0589951b84fd9dc6f7023f5b85e58cc15dfc3d857cb3539232c74ec6e62a76098bc39a02672476f3acba8fe48ab79757b700d7ac664c3663a3938a8d208d49f8,Female,25,City of Tbilisi,5,2019-11-28 07:26:03.157786-05,
48,fa5c04f1-ba35-46d1-9272-e1b13de8cb3c,176.221.162.127,86d4bf005f0b122cad6d3cc81bbf099a023b4dad2e1cc8858a5886570184d424ebfde7ce82699d8b3c79ec57fed702adaa1b6d2ce84a98f319655becb05ca48c,Female,24,City of Tbilisi,5,2019-11-28 08:59:39.526185-05,
49,2c4d02d6-35c5-4e4c-adf2-05bb13aa5554,95.104.45.130,c65b8fc11ed126fef6c1d2185313c009e4737ee542d478d507e187085be778a63a71f2e2555e5296d775c70d9c429acc400e3e95f757e90c0f50984c97e51a26,Female,24,City of Tbilisi,5,2019-11-28 09:07:28.773961-05,
50,9cb885d2-c5bb-46c3-b17c-e837fb6ff1f4,212.201.44.244,8dc0e68619e1192a9a11db4946759803b146899bd0270bc9fb58b689790ecd429c95a6a590f1c84f52d75b841dd313779fa0cd9ac8f1bfcabb37d1175be42d1b,Male,20,City of Tbilisi,5,2019-11-28 09:23:52.995075-05,
32,045fa519-fca0-4441-8186-e8589e185f6b,91.209.131.196,02a0788a0bc66a0f56eef84cbb794b0472a6f18a52c80e0e298fdb349b315a823b891205a89eab722011db37087c698c0dd2dd9111291bc35df3ed23ce57a4ed,Female,24,City of Tbilisi,5,2019-11-28 03:13:15.219661-05,
35,e8bb126e-b4aa-4998-8a54-5d6d86390e78,5.44.132.18,4976237cfe121bbdcba6304ef21e892a7cca87da1cec263d77873d0388848c4b0f1241b570f11493dc663e559ce9c19aa8134e016e8444c1923d49b852321133,Female,27,City of Tbilisi,5,2019-11-28 04:25:25.290271-05,
36,94aa699d-5168-42a9-85ba-331a776550fd,5.44.132.18,4976237cfe121bbdcba6304ef21e892a7cca87da1cec263d77873d0388848c4b0f1241b570f11493dc663e559ce9c19aa8134e016e8444c1923d49b852321133,Female,40,City of Tbilisi,5,2019-11-28 04:28:30.237003-05,
37,80d31751-c4a2-4011-a00a-fabcd33a9299,212.72.146.42,1c234aee4ae4a4b5ce98d0ff79c473d3fba81ee4d27b31ef350f08a3796cb6e757fdd7e433490ba247e3aa79ed03cce7e7705221fe6374303e9200d493cdcc5f,Male,32,City of Tbilisi,5,2019-11-28 04:38:21.350235-05,
39,7fff3d84-46a4-47e0-8f48-4f3a436a877f,188.129.135.186,97990fe6449d7ad95fe53338d2c8a23b41ee903d33a1727cd990f8a2c9807a85e1c6c295299b288b34be66a23fd9106a2d29f649a9ba2f4934e1aba4026da7cf,Female,50,City of Tbilisi,5,2019-11-28 05:10:45.584184-05,
40,fb670b6a-afe0-4641-8fba-bf5db54d6ca6,93.177.190.92,50094add4961215081a123417953345008e23a573717bda918a3fefe3d2ca0a7a0f02e5b4f38cf57cb2f8f85677f43f8fdc528b953481cdad6ccf5234bff1169,Female,54,City of Tbilisi,5,2019-11-28 05:53:10.430527-05,
44,37b2f900-e13c-4c86-ae64-84b6a3e211f1,5.44.132.18,4976237cfe121bbdcba6304ef21e892a7cca87da1cec263d77873d0388848c4b0f1241b570f11493dc663e559ce9c19aa8134e016e8444c1923d49b852321133,Female,25,City of Tbilisi,5,2019-11-28 06:24:12.825579-05,
45,957f7c73-25a7-4ea2-bb3d-8f0c287dfa26,5.44.132.18,4976237cfe121bbdcba6304ef21e892a7cca87da1cec263d77873d0388848c4b0f1241b570f11493dc663e559ce9c19aa8134e016e8444c1923d49b852321133,Female,34,City of Tbilisi,5,2019-11-28 07:08:18.70336-05,
46,d20844ea-b114-41c3-b811-f53f59e07ecb,5.44.132.18,4976237cfe121bbdcba6304ef21e892a7cca87da1cec263d77873d0388848c4b0f1241b570f11493dc663e559ce9c19aa8134e016e8444c1923d49b852321133,Female,38,City of Tbilisi,5,2019-11-28 07:09:56.394806-05,
51,2fabc2c2-7f8d-40ad-993a-9274dae2f89c,94.100.229.138,7aec7cf9f32a9e6a004fc76be9fc42a1c5a293b7bd26d0371698161400de60a79478211b8db2893628cb7f342d50b6e65a2abb3f0029c3f68d4e8e19e2d3eea4,Male,37,City of Tbilisi,5,2019-11-28 10:08:14.750962-05,
52,8d94e651-3d76-4dd4-972a-446dd9d7dce3,73.17.150.77,dfbc12b84928e4c144775314449f0b01f96548d2cfe098ad6d5f46eb547a7bb9336f4194b9ebdf77327a72d8d674b67a25b4e63b174cc713ffa4ead9db2b33b9,Female,34,Outside Georgia,5,2019-11-28 10:45:22.70382-05,
53,4c8847a6-8ee8-4d74-b0bd-0684acf49423,68.192.156.128,e0df0e9e85af8345b625bf9311c20b2f7ba2fc824de4cbaf88f72dda02ba18c6e955b79ff07e92f10cb4430ee2d6017c3b09e524666b00af2926d398c80af580,Female,25,City of Tbilisi,5,2019-11-28 10:59:33.018382-05,
54,1cffb46a-c738-4c47-b53c-0bbcff053f6f,94.240.198.157,1fa632edd8551a9afd90509b5461f76ba4bb86df40a3c072a42f7f37c5636c07e1823490f40a262078623abff016592fffea0ff0d1df57c62306bdcea7f38770,Male,24,City of Tbilisi,5,2019-11-28 14:51:20.240328-05,
55,adc14a78-3ed8-4bf3-ade8-1df57fab9968,181.49.68.153,585f5b7d687407dfaa57061541b85fff44f2976a49b1afe0ceeabefd3e71c74bb59b82013356d34be8693ba597e62f10915d4593194e566d660c442762f94391,Female,33,Kvemo Kartli,5,2019-11-28 21:54:25.08328-05,
56,ba921ec3-91a8-4556-9264-150e1eb728b0,94.100.224.4,292aef3c2baa61bd0151ed62067c79bf0b9324269f932f4b4936d44969b962100d57d9a6641bfd26c230833df71385ec10e7686b832acf8e6838998720849736,Female,20,City of Tbilisi,5,2019-11-29 01:50:39.179278-05,
57,9b6d6810-d742-463a-a683-9ad260ad8a86,213.131.54.30,50da625926044e950d39db494f2f3a6eddaf989535d40695a219421a6f53f5049472fe7e9b90fca245e33be99a8e7b72745a31b273edfcea7aec4071f642d591,Male,47,City of Tbilisi,5,2019-11-29 03:50:07.947704-05,
58,1cb3de74-68db-4eaf-aaa8-2822fc2d7c34,178.134.79.130,0052a5dc93328b43209b467b39bbceb1e8c3262714178250fadc861402915c1c640c0653e741887cc2abf349711445a7098e9d914df75dd8419deed8f6b54e85,Female,27,City of Tbilisi,5,2019-11-29 04:27:25.401274-05,
59,f924e443-1108-4970-8992-e9e4eae0895a,91.151.136.129,4198a7b52f2df097e4f85ac52b8fb81ccce43ac99222ff87816fdbc0c0a7ce2c58528c946dce277842c9a66fb7ff8652aa1ceae812d995b8b6a2752f53b54824,Male,24,City of Tbilisi,5,2019-11-29 08:01:01.661999-05,
60,ab17dce6-97ee-4551-81d3-cf555f1f4d16,5.44.132.18,4976237cfe121bbdcba6304ef21e892a7cca87da1cec263d77873d0388848c4b0f1241b570f11493dc663e559ce9c19aa8134e016e8444c1923d49b852321133,Female,35,City of Tbilisi,5,2019-11-29 09:24:20.946021-05,
61,90095138-2707-4640-b5cb-0d33afa4ed67,91.151.136.140,79ac8b352936d820b1b095a1c61a09ce645de11beb005682a8262332a2c665053b10fad843342c1314c292ebfa23e897a77ddaa64b0ac438a197d0fdeb44f03d,Female,48,City of Tbilisi,5,2019-11-29 11:04:47.531391-05,
62,5f0acc25-6f0f-460d-82e5-19a5c478a52a,94.100.229.138,7aec7cf9f32a9e6a004fc76be9fc42a1c5a293b7bd26d0371698161400de60a79478211b8db2893628cb7f342d50b6e65a2abb3f0029c3f68d4e8e19e2d3eea4,Male,58,City of Tbilisi,5,2019-11-29 11:23:48.317734-05,
63,71e9f9a5-6f6c-46e8-b5a1-38fff9e59a1a,37.232.80.15,4e94da8bf510cfa64682b65322f132a8c4fec5c6ab90c6d72af24545b7be770099738032a0161bb982b95c8398b11549d6181d0510b4d1cda7cf25acad2b8718,Female,20,Kakheti,5,2019-11-29 13:51:05.846133-05,
64,5d6691db-0fe0-4486-ae54-30ff56c0b90a,37.232.77.239,703ed9c5264eddc5fa1a41505395d9d998de1e439821fde4bcfb065785e9e3f108b8085c5363eae67968821fecbb71a4a487a70ab58fbe3e8249f474f9ddf0d8,Female,23,Kakheti,5,2019-11-30 02:36:38.480986-05,
65,5014ad3a-1527-4fa9-8a94-48f5f9d4c27d,188.121.199.154,98e0f77a0208062141b12f405f941759d8de018e4dc3b68dc4db54c367b4bc222a444899b30d855cf65fe7af988817ad140d45860d7a2d95479cc6a5a2ce8d78,Female,20,City of Tbilisi,5,2019-11-30 07:15:10.269553-05,
66,30280a91-ed65-4bea-8f36-34b73135d7da,176.221.221.2,e3f01f455b863e4f4fdd46251a66217182ce1b71e0c4ccdf5b725bf76cece0b0e60b686ad1783e0fd02b723526f8693f67fe0f66be970146be2012a5fc0651da,Male,50,City of Tbilisi,5,2019-11-30 11:47:05.241699-05,
67,b817cea3-9e13-4506-9897-fff8f23c75c6,176.221.221.2,e3f01f455b863e4f4fdd46251a66217182ce1b71e0c4ccdf5b725bf76cece0b0e60b686ad1783e0fd02b723526f8693f67fe0f66be970146be2012a5fc0651da,Female,50,City of Tbilisi,5,2019-11-30 12:22:13.777991-05,
68,4c1529e5-33a0-42e1-8a03-9280f415b3b3,188.169.75.192,9642571604486fc422438b0ae79441fc20665d41e6e78ce65923fe1055f056a3fb8613935539253cdebd3d18ec0d28ef7f5b2d403cb520fc5e07e5e9795a8aae,Female,49,City of Tbilisi,5,2019-11-30 13:40:25.936406-05,
69,50617374-cc7f-405b-9d71-b1441c0a258b,46.49.60.106,c3cff346fae47e5a5b22a805c53a722cf9f8eb3fba7e71711c9561641b03ed143a9261000531eb1e0e0ff39a8d440dab97d24769025869b697fd7da7a07df86a,Male,50,City of Tbilisi,5,2019-11-30 14:13:34.573131-05,
70,8ed8c1d2-a206-4c59-8de1-f87a1a3c3aee,188.169.172.210,aced113de65c969fdad4edb22afe6d88fdb46e60819be5256af14d5579f84cd1c7dda7202d10268405e331e7df828b5da769e6609b4369c1403bdc2c2ffeb8ce,Female,24,City of Tbilisi,5,2019-11-30 16:49:48.429505-05,
71,47c1a8ad-facb-4084-be4c-47e323525396,109.172.148.161,1ac1657ab58a17737bbd983eeae4b580ed54ef7421d2999402ef85e2d8eb340425e07be2a95a804b0385440f9552b48c404f2a4b65753112143058180182bf05,Male,20,City of Tbilisi,5,2019-11-30 18:26:18.810314-05,
72,47c1a8ad-facb-4084-be4c-47e323525396,109.172.148.161,1ac1657ab58a17737bbd983eeae4b580ed54ef7421d2999402ef85e2d8eb340425e07be2a95a804b0385440f9552b48c404f2a4b65753112143058180182bf05,Male,20,City of Tbilisi,5,2019-11-30 18:28:56.215023-05,
73,24514cc4-e5a5-4a97-b985-21b1a27c1164,212.58.102.245,85f66ee7eca3b3db1d68be7d8e639402dba21b45549020bc0c31594633d54bed3d9a831f3e8c3fad46c8fd6ad4132840f649e228a004d9f56c1360b286a4f5e7,Male,30,City of Tbilisi,5,2019-11-30 18:39:25.195923-05,
74,2b3f5156-912e-43b1-81cf-d35a4230eb65,172.58.228.125,8ffd90bc79632d08f33bb0312f261e8a9ac6e370e0781f110a78c7709ac79f1c8cdbf58ec695f7cdc35f29f56cf1049322c8a5ffc5c003fc829b00a3bcb803b1,Female,31,Outside Georgia,5,2019-11-30 19:40:42.016791-05,
75,6738e740-04b6-4eca-ab75-563e56f34397,188.129.237.65,3d80344a41b20a53cca97b64d24b693e3c5897688a340e14052970c9a4a3dc79cda8d328458e03dff37ea002dfce631d713e97e208d6ac2163bbab243c8a2702,Female,22,City of Tbilisi,5,2019-12-01 01:00:31.829805-05,
76,5c85d893-6c47-4eaa-9032-d43f46becbbf,27.72.58.119,53532a36fa2b5910d874e411dac5011d1f26c651ab17bc0280be5bef26a950eead47372d62db2e170df4ff94c422f599412cc41b941683c85f654b733e3fce60,Female,24,City of Tbilisi,5,2019-12-01 02:16:45.182042-05,
78,91f63dc5-e811-40da-a084-7a36cb551dc9,95.137.227.85,2745d26b43d15a6a91c855cad13f75255cb729d0cc5c0ca468361ff1f874264e971e647428d7b056d7ac9a6763c2ebc1be51b305ed21c31f92c6f17b45bb5946,Male,30,City of Tbilisi,5,2019-12-01 02:37:10.968673-05,
79,0785a631-78d2-4ca4-b158-37abe434015e,94.100.229.77,08632dee59a9d40eb5a744fdbcbdc63a728842f187983cc6484896d360a56e47603d6560653d7ad32bbc0c8ecf26b8b8305e96720c219712c589b4beacd0e75b,Female,35,City of Tbilisi,5,2019-12-01 02:39:00.704526-05,
82,f7dd6bfd-eb40-46e5-bf2d-c5faa8f1b272,188.169.181.102,45e32de0f7f162c6037f2099df56f3318b19074292e9eb96e9068bc8e232161fb90c3b0bf82a536cc8eb053bf273908abf7a91c7bfe48a344ec2cc95cc67b21f,Female,43,City of Tbilisi,5,2019-12-01 07:30:18.381407-05,
84,dde0533e-af65-43e8-b0e0-01cd7cbe3ecd,109.172.156.154,afee6ae6ce3d2dabbc30f3aa7975e82f5f47bcb55f276ada9c518634072f147b64f5f1114bbcd37404f16018d6f00afe26ec00b08634b4096455c9ff5f5857ec,Female,45,City of Tbilisi,5,2019-12-01 13:05:44.277871-05,
86,39f2c37d-b158-4271-b7cf-4c706c5cc522,176.221.160.180,86fbcde156f6e773b61c67213a3bf67e4ff8515b109fd45a0c35d47f3762a8b7c1a9613dd592b9c0529e7b7463b8789c0ae01ce3b13b4bfabbc4af386197b223,Female,49,City of Tbilisi,5,2019-12-01 16:01:52.594231-05,
87,a009ea93-86a5-4b62-8d85-a5e3630bb589,74.89.42.219,0543970a730e2eebeadef44f3af12cdb8f48fb25e020859e8fc43bf0a88fa872c10797803cd34981ec436d36809ddf5b0a595a48094e47fcc8120930e8633f53,Female,13,Samtskhe-Javakheti,5,2019-12-01 16:06:16.177865-05,
88,6390c102-23a5-4cbb-8a11-8af5b3dfde97,141.166.153.191,8cee1ec9c3e4f094540a116c489fd224e57e363a7d26d64a528892baf224401b3bdaa3ba6ba872d9b5c51375399a941a2296502db473adde7fd14413bba49124,Female,21,Kakheti,5,2019-12-01 22:01:05.371972-05,
89,9bc2f02c-bb51-41c9-a0c0-6c234c1b2479,176.221.176.48,a238f17c56e5a44840f44a96befcf6f7de67a146fbe009802a60a45a5bd534632c8e489cf78ff2a94b34663d57121d7439ce856d2bc7bdba790ae4a9cf12cdbd,Female,42,City of Tbilisi,5,2019-12-02 02:31:35.233565-05,
91,439c639d-0ead-41bb-852a-b1acafbcfdfc,213.131.54.30,50da625926044e950d39db494f2f3a6eddaf989535d40695a219421a6f53f5049472fe7e9b90fca245e33be99a8e7b72745a31b273edfcea7aec4071f642d591,Female,51,Kvemo Kartli,5,2019-12-02 02:41:30.944514-05,
92,c0ee9a40-a465-4810-8c6d-22a880f88703,5.44.132.18,4976237cfe121bbdcba6304ef21e892a7cca87da1cec263d77873d0388848c4b0f1241b570f11493dc663e559ce9c19aa8134e016e8444c1923d49b852321133,Female,29,City of Tbilisi,5,2019-12-02 04:51:58.522732-05,
93,cfac8059-79ae-4898-9f96-478bef39054c,5.44.132.18,4976237cfe121bbdcba6304ef21e892a7cca87da1cec263d77873d0388848c4b0f1241b570f11493dc663e559ce9c19aa8134e016e8444c1923d49b852321133,Female,24,City of Tbilisi,5,2019-12-02 04:53:05.882272-05,
94,953b41f9-0ff9-4dbf-b3a7-daee58281420,178.134.147.254,fd435f5cdfd564d0b7a410229d517ad1d93ac8aa1f82003a7154dcdc69f0dea558ef466350c9a8c941a3df923f778ad37faa5559de996798b4b041e05fdae7b9,Female,75,City of Tbilisi,5,2019-12-02 05:11:43.048183-05,
96,c9ea2f04-e1a0-49c0-9a20-ef5123e72ae1,213.131.33.174,6437bb05a60b1260bc6635879e54f1e6c8a0eb96e8ada31cc617668e527c2cd0fa3baa46bd6152e6cdda1adfdebb98640d32c604236c9b7f9cd1209a16b70667,Female,38,City of Tbilisi,5,2019-12-02 08:05:33.338577-05,
77,c340be0a-bb2c-4bee-abcf-91cdca198d74,94.240.230.184,6f16c1778652976c6038cc6982fdb02653c874c9e12be4180e7d22ba6b09024f63723115ba726bbb14d9ab9b114c32170f6a52d437fedfe4c95651a441f91baf,Male,38,City of Tbilisi,5,2019-12-01 02:35:31.08201-05,
80,ed1bb85f-8346-42f5-a322-691754d00f4c,94.100.229.165,4834aa09be81148f5a5c62c0e15a1a079a6534f0d237b23cdcfd2bbb9b67593c3566f73ceae8a20497aa5e23a2a4ba6bad8e8fb20ca96040ad88f7fba3808337,Female,39,City of Tbilisi,5,2019-12-01 03:28:48.312164-05,
81,7cab1447-8907-4962-a622-10e2451e263a,178.134.180.218,934923652b935848cd378fda968c40b3b40b4fdee9f6edd9a5e5b4a3626ef23bcdbfd33d331d9e6336e2bea9718077b4f3934976bcbc6ad79bc19041e797bdc3,Female,43,City of Tbilisi,5,2019-12-01 03:31:49.982369-05,
83,4bf86633-f80a-43d8-8931-4e26ded348c6,149.3.111.39,1616f2b17c183246953ce74102e1b34bce9f1e9300698c031588bc0b84aae268ad8f823af6f08842f2917df0789156157111bb68317d73f17e5c01c8f5a901e8,Female,26,City of Tbilisi,5,2019-12-01 11:37:07.518529-05,
85,9b74f3e1-8458-4d33-8b95-139a7d8dcfc0,31.146.58.254,fa4a11137b52205078e615817e6b3f22f51c8bf13393fd1776d732c9a97bccc86730183c24bec4a5c9536ffb1f746aae7b44a805e85ac909328c13ffc9596952,Female,50,City of Tbilisi,5,2019-12-01 14:47:11.673063-05,
90,b37d6da1-3f18-44a8-8b61-9038d74aa2d8,213.131.54.30,50da625926044e950d39db494f2f3a6eddaf989535d40695a219421a6f53f5049472fe7e9b90fca245e33be99a8e7b72745a31b273edfcea7aec4071f642d591,Male,56,City of Tbilisi,5,2019-12-02 02:36:54.051345-05,
95,de2d7be9-f4aa-4398-8bc6-627761e2be62,5.44.132.18,4976237cfe121bbdcba6304ef21e892a7cca87da1cec263d77873d0388848c4b0f1241b570f11493dc663e559ce9c19aa8134e016e8444c1923d49b852321133,Female,31,City of Tbilisi,5,2019-12-02 05:12:06.656215-05,
97,9e009b71-49d3-4c43-849c-c3f30d9918b8,213.131.54.30,50da625926044e950d39db494f2f3a6eddaf989535d40695a219421a6f53f5049472fe7e9b90fca245e33be99a8e7b72745a31b273edfcea7aec4071f642d591,Female,32,City of Tbilisi,5,2019-12-03 05:22:31.662474-05,
98,be9b97e9-f2fa-4c40-a0f3-54a84f952937,,e0ef0061f7f4070a27fc1d9f9ecc29002d9ecfbe9aab577f39d3e9b615f1dbf71864b7246149ed5babcd8c46f48a1f834c18d80fe708d0c2fa2cebfd62559c08,Male,24,Imereti,5,2019-12-03 09:39:59.139346-05,
99,179bf2e1-1f64-476c-83b0-eb74ac01cb81,,6be9bb7293b706f4cf42b75d66a32024c6bfdc14bc8d2c66875eab3bbe96a57fca97f0226f7a674f9d3779696a3d4246e22987f165444367eed5641d20974171,Female,24,City of Tbilisi,5,2019-12-03 15:06:21.209118-05,
100,8e2ac76f-6dd2-4890-969a-e263f85e15d0,,cad5cf2e7432535f0ef6eb4666f08c9b3498f95ec015040170f02dddd7f800f0f611e257748e6a3237af2204bbdbcf1763cc40e8c0d23d05755f2780dedc8b95,Male,21,Outside Georgia,5,2019-12-03 18:27:15.37356-05,
101,1f9257b2-b725-4ecd-9192-8ab6ce5fa223,,8ff88e2323bff21d69b742c75d94149b555d9d84b9d302a934998e659cd3ad540a90aca54cb08e8ebd4c505a1a108f6440ce88e505e1a2ce31ec1fa59bf2dc44,Male,22,City of Tbilisi,5,2019-12-03 22:57:10.216741-05,
102,db768c90-3fd7-4f7d-99cc-f9ea729d7767,,bc962d955ac2c280f411c6806987921beb862fb6d1cd1fc3c0eceb0aaf16395944a53e63789038c23d3fef62d312fbfade19df800127cd389b5271d0f9bbc640,Male,21,City of Tbilisi,5,2019-12-03 23:02:59.064699-05,
103,8d4eef63-7d79-4c39-a6ef-8d00841be88b,,36c20ff515cf4ada10802b95a539c22377a0ebfd9094cf037e1bb647c5fc2ec7e5c6bb1c3d90341c8f59b0fa4990592cc89e4d39a5929388d98c3f9c0b1db330,Female,19,City of Tbilisi,5,2019-12-04 03:34:28.056415-05,
104,b6a57949-2367-42b5-a073-129f7933b1aa,,396f8473772509dddeef23462104a1178ec04aa89de559790ca40e2503c1ce6303378eac3e5f2a77fbb3a1d1a55906b0d91075e823c04bfd722621bfdf5cd76e,Male,24,City of Tbilisi,5,2019-12-04 13:24:22.104351-05,
105,81becca3-540b-4a34-9aca-4b52f9e3d73d,,c67212941494cb560543172e29b12f1751f35bb2d1baa64eefaac57d553f8628e67cca14998358f31ec1baf2712852bd8c4c8b88b4f925858f48fd75cebea747,Female,20,City of Tbilisi,5,2019-12-05 05:40:17.487919-05,
106,bff5b310-74a1-475b-8bd3-59362e8d1b90,,ee111ff892528035d5ceddb7e135626b93a6485c0206bcb2484eec731a8cd86271abc4c10bc022d1671323b3670a9baf0f72f16237353bd2f9385adbcc314bc8,Female,19,City of Tbilisi,5,2019-12-05 18:00:19.186704-05,
107,6b35d00f-c726-4962-86eb-8e16cc6488ee,,700da49ec6daec4d7b0215e9fde756df152cacec59d7fd55b80bb13acbb2cb979c6f0a72d9b02dcf64d64fdea48b2939a2cfa4c3219edd902b30f0c42812b050,Female,24,City of Tbilisi,5,2019-12-06 06:37:54.339616-05,
108,fde150a6-8520-4424-981c-3221d049bd65,,48f3cb95c01149ce5360b11f5fbd923d120c8a6a480dfb10e3fdb345910809a7c235b1d2475808e09c039f9987f8c448250a3e74bf4c1f26eee355f2a0ca3151,Male,26,City of Tbilisi,5,2019-12-06 06:41:14.153271-05,
109,fe0dfafc-89c4-4250-8c06-e721a801e66a,,51a085081cfff80e4c87fcae344e514623bbebd10a343a3a7810e6ff6c084f6b9df92d368efe7e673e97e16911fde81b0e32ddef5a6e8f613e0746a0bb4c563a,Male,49,City of Tbilisi,5,2019-12-09 01:45:08.335263-05,
110,eb50fa4b-a70b-464d-a14d-0c269cf64e26,,e97f1fd9fbf1697fe7bb407c4f4a9b68b346810f231deb913b5b201496e4ead2fb75a9532c17a004a5d27f0dfd89ea330ae2e223f4193d8d861e40be6972a098,Female,25,City of Tbilisi,5,2019-12-11 10:59:27.466974-05,
111,6bd763ad-6cf8-40e5-80c6-0c8ab44a1514,,7b322a08c380adef0509730f5241a48590b6dc682748076f6f0d7d34d96418bd773873539165b3ca006e5f68e0e79a6febd3417e0f8c94b641ba620f28285cf6,Female,46,City of Tbilisi,5,2019-12-11 12:20:50.684133-05,
112,ef1d627b-fdb1-40b5-a833-9555b0a5cef3,,73f0c0baa6200f5854fcba69be2a93c904933ee8eeacecdd2191d960d13f7de074114ffab6d04527bc117d5f0b2f1dd9f33edb5ddbe1a21776585a296e2fcd78,Female,48,City of Tbilisi,5,2019-12-11 22:21:24.364213-05,
113,99163a73-6b0b-4951-bcdb-1fd3783d5979,,c5a02801245a7b3e4befd3c04e840bcc5c9364b79922cf1480a2228cac88a950e12dc646a9b763df0523c7c6113070d699d81dbc248beb843998315f39685f29,Female,24,City of Tbilisi,5,2019-12-17 16:12:34.612943-05,
114,5a66e684-1063-4e4c-a510-4c3baeabe624,,0fb78f4eb6a8f0a6868573481f96bb8bcd2663015f1f4a74303eaa92462a6bd1262ae2a2690d42924bef0e77d9f8167af28c23f38e94e88cd4e2adc3fcd92f9b,Female,25,City of Tbilisi,5,2019-12-22 16:06:41.920417-05,
115,c4675b8e-998e-46e0-9a07-b643dbbfe685,,6e05039d59adaabcf638811e6c064f3ee6b71741d50e3f873bebd25e8c4d1decc81cd99b262a8d5e30c60f029a710b58c2a08f0f6a7de9c2242a44c508e44c48,Female,47,City of Tbilisi,5,2019-12-25 03:03:52.709468-05,
116,ce1f07b3-9acb-4619-b3f9-d06ed71d7f99,,cb150bab61876ae2c29a25d28447ea7446ec493c99ad7aa6875a1407fe35bd07009d4361ade605b1907044dfb533a759034a84f867c973d343e8b197c66e8eb1,Female,24,City of Tbilisi,5,2019-12-27 07:11:00.475702-05,
117,e31980fb-b71a-4eca-855b-b0e1bce0ad23,,1c03a46f462cd8acdbfd2a4dd00995914472cd308798bc635d68d7417e762ad6a8af6fddff2c7ba10db910274eabf45a0856008aabad87a6d417a7a295994bf9,Male,24,City of Tbilisi,5,2019-12-28 08:26:49.520767-05,
118,91e8316b-36a6-41aa-9e21-08c03284cc56,,f059ae53fe677eafd8d35d4b2c1db5befd81c99781f62e006b7ba51f9732026af3bd302470c4b603f0997b3f2054ab01efac1ad81a723cf3ad4e41f734a16a19,Male,20,Kakheti,5,2019-12-30 12:08:50.527647-05,
119,39069a88-e4b1-4a81-9f69-21252db2ee12,,a6dfe2b5e054ed8a004c85d4667af35bc2a674ef4c4c47ce6185a55108dec921bbd49347c379b08165b131acc30632806db675d9bf53dc86c05cb02884de034c,Male,40,City of Tbilisi,5,2019-12-31 01:12:44.423214-05,
120,d6a16012-556e-48e1-b337-5a28080826aa,,b5e30f86a9f776e152e75d199bc5e003461da3a6c7dda2721f0a6a521fb7258c8abe1c2add988dcf340b48e0b575e426e78635328c4b9b260eb41ed0dd7c1e83,Male,27,City of Tbilisi,5,2019-12-31 01:14:58.529316-05,
121,dca0684e-eb40-4ba6-bb00-25e8f245905a,,352024e176504208d8d2a46a169cacd22fbb35978bea3dcd9036172c4c0e9fc1336e110e8b0f17ed282fa7fce004ab2b2f6600ea6d6198dd62064f9e1d685022,Male,46,City of Tbilisi,5,2019-12-31 01:18:43.49912-05,
123,1a376091-fb95-4174-a079-2105d6258aef,,653834482fd59e4878c1ac334b312d6aedac72a65eb856eb5dadd4f150df2e254de1fc4a09ea7cfa4e9cdfc272dc293e9b32938713fef7ea29aacba30ef35134,Female,32,City of Tbilisi,5,2019-12-31 01:29:30.781917-05,
124,fc2ab9f7-1eb7-4511-ba62-6a5efa19c257,,f52a63b0f051568e8110ba5c629d2699c55e4d005c4c44dd429121e10c4f36d484a1a497483927055b46a0a2feb86cfe54cf5a5e35d431ac3cbb23254efc629d,Male,38,City of Tbilisi,5,2019-12-31 01:34:21.371463-05,
126,3e28ac2e-39cd-4ce4-8ca1-60988e1a7c3e,,cc5ce2193ebca05f67f51de1b08167b3fbfc8375f24b59e828f215a45998aa8b075e1bae8799d0bd23779d1b4cc10b8c1dfd8d5431e68010306bb5f6f800bf04,Male,32,Samegrelo-Zemo Svaneti,5,2019-12-31 02:02:01.00844-05,
128,2d3780ea-9c77-46cd-81a3-bfadf6610884,,5dc509c0a1537743134af5c011c3bc0137d9ec8e19e6902314f1fe908dbd393a50879fe63cdd17067f289a485f967af3847c9c996f445db792e77e5c77d9fb31,Female,57,City of Tbilisi,5,2019-12-31 05:03:22.21076-05,
129,b0c006ee-f41d-48cd-954a-0b23656ba79c,,efe4948e6bfaceee2591b2867cc6606c162268ed1c0bfba6b9b0e8bcc9a9e764375ad80e2649afa431513565bfca14d7769dccfff145ec370109aadddd3cd8ec,Female,22,City of Tbilisi,5,2019-12-31 08:34:23.607509-05,
131,ad8471b0-7d20-4558-abff-3bfc066a321a,,75427ea8f392d4b9872245fac97541f77eb794625320a3bbf56047343287da79770c105a3f97b01d523bb60d7685b1fdfc3c65f9a9e18ae0aae944535c13b371,Male,22,City of Tbilisi,5,2019-12-31 08:36:55.393734-05,
133,16885ce6-f044-45d7-8f41-b68b3e1190f9,,f385b96253d6ee419727891a98facfa37e4a99acc0e2beea4fd3e4a942dd60e2aba8e2fb32b9132795bda7574b6f3c568184fe8634b9abe1ae6c164646523654,Male,26,City of Tbilisi,5,2019-12-31 09:19:27.448166-05,
134,4c2295f5-1c3a-4a3b-9ab7-ddfa7fa7e35d,,90542cd666e85da6a2928cab0b073558717eba2c7d217ad97fa4a33beac1c98203a5c531458930ffcab3ebc97773a89d17181e3184e3f3b93d92159e399dc518,Male,31,City of Tbilisi,5,2019-12-31 10:51:36.579476-05,
140,66f3f78e-0415-45b4-852f-804af8fc8a38,,0d8b63421df9c4a9ed9adee5fd4f591aa35a213cc87597117f6d1c0eeea113778329fab5b4c30525013406580e2e96a8ab9092545c0d35331f0399c3d9855e2a,Male,52,City of Tbilisi,5,2020-01-01 02:58:16.4433-05,
141,a4021577-67a6-41c4-9aed-77cabf2f70f7,,59f2ecf2f241d7de94ce1439f44a3277aeea33c10ec82dcaee4a3c026367cef0662139b97aa0f9ffdb934caa083825aafb5a9266b108fc7aaa4e7749987ff843,Male,52,Outside Georgia,5,2020-01-01 03:14:05.502695-05,
142,08ae3c69-3bc3-47b3-849d-4a104e3273d0,,3922ad4aa1c002f5129240c6c6086d46ff294202ca08b9d73a6dc4042cfa860e78449f13a699e0bd21db7c124326ae87df5e5369e842876630a7d4fd5716bb99,Male,58,Autonomous Republic of Adjara,5,2020-01-01 04:24:48.324353-05,
145,a3db94bf-7975-46a8-a5bd-79eb5b5a8c6f,,950d7d3fdd8340de6c17638d90ab998960809255e5371782fe9ab54530dc9c621e537dce0fa239d8e5eaafe13994d7e3503b4b3270929a5a66df78ab1d15d826,Male,19,City of Tbilisi,5,2020-01-02 02:56:56.637783-05,
147,3fcbe75c-d1be-4830-a4e2-d9f7430bc83a,,53d711fdd5661d31a72f58a22e1629f4166a1e2419c187664aa17a8c27b0c5d293128a9a7f5eb974ba29033a4671b256a451528d8484d4eb1a6143336f1a49d9,Female,57,Outside Georgia,5,2020-01-02 05:42:30.28136-05,
150,bb1cb0ca-2caf-4688-bca1-baf7c6e89b23,,4f18b1a7b011f308a18bad13c940d870e74eda5d0f34b32bec3f9ac67b1f186188eff52d6fb623e1321b46b9e3dd8f444b17027d63d8c17affd35f4e32ea03c8,Female,30,City of Tbilisi,5,2020-01-02 14:04:15.771826-05,
151,f7b476e9-a506-4aa4-9855-5470635c93aa,,b532642e154f42672f77920bcbb5629fc3566af4e98e6e4dbd0d58d7a225b7ddec3cb256726b933a24e16eb98feeb42899c8f512f89d626b8a15ebb8aa95fbc1,Female,73,City of Tbilisi,5,2020-01-02 21:23:06.081664-05,
153,e662c24a-8937-49e2-83c9-fdcb7433a223,,5a36e6d8d39566695ddf8b9a3d52bbc558b57a646112d7547eb5e71cf09fb67c724d62f996dfb1957b3b432f356de275ba8e45ba3a7f1742696be65d98a0b791,Male,62,City of Tbilisi,5,2020-01-03 05:30:37.42076-05,
157,64bc4005-8059-4afd-ad8f-23ea332b6357,,d43a58ecf707161e17293c9e4a37c445e6b8774c10d2cf0defd06056c37d4e049f6d1457e26f94c9590698ab7e673c25a622cab74f56203f435c6d56bc8934b8,Male,58,City of Tbilisi,5,2020-01-03 12:50:27.647644-05,
159,3810f2fd-e2bc-4215-a27a-8a348bf5d29a,,571cfe5410f0b516a5c341b544d724dd011815feab0c1a52241c390b1b6cd1dc183f34c305f0babec8ba443a279e9dc05780b7a7315271d9c985b3a47a7c5a9d,Male,43,Samegrelo-Zemo Svaneti,5,2020-01-05 10:36:32.023649-05,
161,db5004c2-cfa6-4f32-850d-081930cfcb69,,a340c0bc85aab2d0d9dfe3783b00d364d2c560b8d01a9dc8b75f6304c63191eb615e0ff35a868778287155d273681f84d75aeb4b0be7cf77487d24fa5c214f6b,Female,1,Kvemo Kartli,5,2020-01-06 01:27:20.727703-05,
162,5939cdc8-9df9-441b-b101-d2392f5d5ab5,,5c4bbc6b5e143ca6b8ce5a723016e1ffca046e09f6fffa690f3fdc4aaa425d489446720ac96925086add8c39f73aab4eb667d4f74c135c187022d3a5298cb411,Female,53,Imereti,5,2020-01-06 13:47:10.077649-05,
163,eb1b377f-6162-4467-afd8-36c158b2ec07,,ae68baf2428df03048d7d472759dbeed855972ec4292df0f88d9c2a54b1b617d0a62cf95beed8334459a31d6fadfc32e22ff87a606dcee3ddbdea0e5db8f24f8,Female,45,Outside Georgia,5,2020-01-07 22:16:12.343418-05,
165,5af86f95-dd62-4104-a352-1921378df075,,652a730c130a663186a34061b63d58871419567a9e991a0725a8c89334d68167f155b49f90287ca809fa1e707849a41582ffa3c763dfeb6321e764558aa06dbe,Male,42,Outside Georgia,5,2020-01-08 08:47:10.499935-05,
168,c6f92c13-7d56-45da-9b28-b42e3fb62f42,,bbb6126984e41541e33e81d46f5290f761f5e85b9a9ee2422530a44e14a8c62e52d08ae865c65b7e460c91b818a84ac7646e3ec625c0d0f37f372a8866604233,Male,35,Autonomous Republic of Abkhazia,5,2020-01-09 07:55:42.934213-05,
122,8429bd6a-7d89-4bc9-93e8-6e23c1332939,,1ced1f6db674b245d540a7328a6fee7566c76f7c17e2c668893d715ee369fb650ed5fca286279c823e50131198d07ef461644fccb509b2dabc0591cc9ed85f67,Female,58,City of Tbilisi,5,2019-12-31 01:22:35.942138-05,
125,78ba4c94-1a3c-4cc1-8a12-07055fca55b4,,a7af10eccbcc7802a8c9f52419a4d6cb3550fdd9763454a1a9ef0193af3dcd3452fdaad86c2fc9ace440ecf97c833da08eb8427f6b940fab8082f595de897fe6,Male,36,City of Tbilisi,5,2019-12-31 01:55:41.899104-05,
127,3e28ac2e-39cd-4ce4-8ca1-60988e1a7c3e,,cc5ce2193ebca05f67f51de1b08167b3fbfc8375f24b59e828f215a45998aa8b075e1bae8799d0bd23779d1b4cc10b8c1dfd8d5431e68010306bb5f6f800bf04,Male,32,Samegrelo-Zemo Svaneti,5,2019-12-31 02:20:24.865281-05,
130,ff934ecd-97f8-4cd2-a4d7-06ebb60d82c4,,03c0891d8ea2fb37298010b7c306f71e8149232f15281ae5d365c3ca827767824278fd7900e724ac58a0ddbfd449c61d0ce09737290d9d29b464173a2661dc4b,Female,23,City of Tbilisi,5,2019-12-31 08:36:06.560761-05,
132,d819d4c3-2ff5-4030-ab42-e41559ececc7,,7265b5219d2fc26dac92511b2141765b4ac81e7fcb479355689b4493badb9e0fab0d49ee248c2527a75655316488143fd4bcef12e028433058b4f85c5ada2d35,Female,45,Kakheti,5,2019-12-31 09:13:12.582918-05,
135,1a46b369-89a3-4bd9-8183-0c65f14cc3ec,,6948d13f39b6cb965db398cf445815e8190bf65e6ce8cd995a7e953b0790f322e1dc9befa06ea3ab62dce81032876ae0efac7ab7e4647aed3732a44828abc5db,Female,28,City of Tbilisi,5,2019-12-31 11:22:26.086319-05,
136,79922fe0-d7d1-4a11-9d15-e33a43186ce7,,e060a9a7d869a00fc0b6393eca8769d8cf90ba881ca2b0dca22c88c27c1033efd5d6c533d124c01463897b48f8dc1dbbe06b81100685c944405d08c5213f72d2,Female,28,City of Tbilisi,5,2019-12-31 11:40:52.117935-05,
137,3f4ddbcf-1cff-4620-a573-5adb60cd704c,,ac36ab61a9b4526f37b4a8a3a4af5dc52a25dc782d83faf6ccc725b89aa0d1944c95b4da308d2bd398108c3d92fa51d9a2e58e2ab9d2bd6dffdec76a243ffaee,Female,40,Imereti,5,2020-01-01 01:34:36.820026-05,
138,51123828-a0c1-44aa-8998-f90d466423ba,,7102a8854100da3c9670b1cb0669d6c036cbd04a92c8b59f4c030ab8c89284449907055630345741f6feb5659cb47e475a873467f728af4f3c61156d1ff32c34,Male,41,City of Tbilisi,5,2020-01-01 01:54:12.963953-05,
139,1f58997d-abec-42a5-833c-cac83652604d,,aba33e756dcfe79b11b048f1db7ea17293d2707a002d35c0c80d657b1abdf4621f55d4346d1c2ff267229062a81bf7d2e76bb7066d58533adc8696c403a8618a,Female,61,City of Tbilisi,5,2020-01-01 01:55:50.000495-05,
143,505295c6-8025-442d-a3df-dbcf71873d62,,6b9ed3216f4bc3a7fb71e1cead1439d5ed87fe694123e91da6059d1be9d24c59f1fe09f9870d31d992fb93adcaa01cdfd048e2c872648205be0f42db6af1cf53,Female,45,City of Tbilisi,5,2020-01-01 07:05:29.41011-05,
144,198bae91-35ed-408a-b140-8d6601411b0c,,cd7b7c056cd2120d49c8a1d6a35a93e31e66085a3c2ae6b97b02a802875de8dcf3702f51f1e5e9980866764dc7863ea2e30974ce571dc8d70ccff1346e0a58e5,Female,27,City of Tbilisi,5,2020-01-02 02:49:43.772146-05,
146,8eb629a4-7daa-4024-aa35-768cbde007ee,,9e6d1e2f659ea9af3b095bb368c20d5fd242d25c4a89703fb7c896669e58e40d73f3fb60083cd49b950dbaded1f0b31f466ac0af54e67fd87c2e465aa48d8533,Male,48,City of Tbilisi,5,2020-01-02 04:07:20.593866-05,
148,3fcbe75c-d1be-4830-a4e2-d9f7430bc83a,,53d711fdd5661d31a72f58a22e1629f4166a1e2419c187664aa17a8c27b0c5d293128a9a7f5eb974ba29033a4671b256a451528d8484d4eb1a6143336f1a49d9,Female,57,Outside Georgia,5,2020-01-02 05:43:05.395701-05,
149,7cacc2b9-e048-49ce-b999-d489cdf33604,,f33674405b3ee62f7bca280cedd463616a3a4a23201e5465f5fdcc2649ce04eea0d13328be09439e82267254dce790075455aeb1a9f0c9bb09fa9293e7fba82e,Female,27,Outside Georgia,5,2020-01-02 05:47:44.349487-05,
152,6e405367-d589-4a65-a320-9cb63f163555,,b96b40ec9c6c935e47f8ec2d3daa461684ac047d85f0e218e2f0e85fa5637007479fb83a7a0e9b1385e0a33ee94087108580bfc0b374e5495a405afdb72078c1,Male,25,City of Tbilisi,5,2020-01-03 03:04:42.09026-05,
154,1c3fb3b4-670b-48f3-93cf-afca1504584b,,e174ac328611e30c725a176325af194e52cbe0ec80951075fa2e181981b7db108c753034cbbc296c038fd9df34690ac12afe58e4b5026b21fd6efa7465ad2b87,Female,61,Racha-Lechkhumi and Kvemo Svaneti,5,2020-01-03 08:35:15.659533-05,
155,8bbd7597-0dc5-464f-a72f-5b5ae40d519a,,3aaad522dffb49864ecaa32a901d4bb4b1a3a29baff0e3ebc924317bf0c47b02d1dc1587d2e81bd9712b175200373a732adf3ea29f96965c3e05da02cad374ae,Female,27,City of Tbilisi,5,2020-01-03 08:45:00.270158-05,
156,d0161b9f-ed4c-405d-97bc-c8a0a087abce,,a120b8240436f2666535700724ecb911ccb479b61907eeb39d38716f915ce32183b4e22b6c4f131afd855792ba56a66ad98628c751f80dbd771817245de5ae93,Male,20,City of Tbilisi,5,2020-01-03 11:52:29.035147-05,
158,6370af0d-8061-41aa-866a-768f05d9c629,,d871bb32c6d19f6b1ccb6e308c199c2eb96e9b44cd7512764f198db00c7abe6257cac1a346f8bad1ff40e7bacdc37c0ad3905969a797a3136b03cf062b9f5a94,Female,36,City of Tbilisi,5,2020-01-04 00:56:48.37384-05,
160,ee68b728-f845-4a6e-9280-d87bfff85d5a,,c5a02801245a7b3e4befd3c04e840bcc5c9364b79922cf1480a2228cac88a950e12dc646a9b763df0523c7c6113070d699d81dbc248beb843998315f39685f29,Female,24,City of Tbilisi,5,2020-01-05 20:45:31.334609-05,
164,15350dbb-69b3-467d-ad93-8ffc45e2c00c,,6f689c3a74e6c22676b91252386fd3217144fe04bc503e56a8b8b560ebce79550122837b724a2495550d150dab5c794eb93eda18eadd9955cbad00275d68cd8b,Male,37,City of Tbilisi,5,2020-01-08 00:00:35.322677-05,
166,c54d4df8-0e41-45bf-bd59-ce5f58b69578,,622bb4fcdad68486dd21b2faaacbc21fc09808811309dc3dd86f5cbd2a2ebe7ed784809fb8f4ec4002f84ccbe366bc61c2b74789b256f97607c263f43abc56dd,Male,22,City of Tbilisi,5,2020-01-09 01:50:40.831486-05,
167,8a9ff193-f76f-468b-a2f0-8a885a750fc8,,c94ee368d57c3e61717f2abe3fd5f62e7c6ffcc1cf09123fbb1a4f864662a96444d6c1061d81a703765daf404e4b7c11b482845df34af4864441eb8d1c0dd2d2,Male,28,City of Tbilisi,5,2020-01-09 04:56:42.697298-05,
169,f4b570da-0621-4852-a644-433afab50914,,c5b4bd3ac493cadd70cec9d2f9747566bb6395304d66a9ad2d80510baf4cb8383689efd4718a72ca344e526c086b9adce311bdff520e3470670182ad790e9c8f,Female,46,City of Tbilisi,5,2020-01-10 01:05:32.496482-05,
170,1f494a4b-417b-409c-a8c9-42e82543d605,,68f1a76ef93dedacc8624942341c0808ebbfe923f7866632bc5d17291ecf3e1f0a10b91ab629a15cc61fcefab270571ddcf27af7b71d70bb42303b23462e4518,Female,35,City of Tbilisi,5,2020-01-10 01:09:33.460545-05,
171,cdbf9985-8122-440c-a1cc-19f5294903c2,,8c58cf252c877410cde754ec0c7484cfd5b4419431599fa5d76f68d5e36510bedae233a7095e163ea814524909d6eddfd0d1251a757dc940ac89dc7b56bf6764,Female,32,City of Tbilisi,5,2020-01-10 01:16:37.74182-05,
172,394123d2-a673-4292-a058-31e1d2675441,,86972568094c5c876886f59e7efddb59c7958cb01566fd627265a962e0bd8f0fff8181197ffd83036f35cef3c84f6c9dab31cd448778e20dd7b8139cf56faaa5,Female,45,City of Tbilisi,5,2020-01-10 01:22:32.869639-05,
173,fea3ffbc-0a27-4cb3-9910-15bfaa5974d1,,7cc07d05d18a70bb91011c945463bf9b693015881ce58531b8e4c04defeaeff59715665dd884a8ceecd268c4dd62ea3b12dc4b6a32bed8784391fc44703df2a0,Male,34,City of Tbilisi,5,2020-01-10 02:30:09.961774-05,
174,b9fde6b4-a0bd-4030-b934-3486442c1104,,a19a06d6c6f5dc22ec45f10114db6a46fc0bb86906fa73ea2445b4752e03e76d3d1aebcc3f98a45fed7b3fc5745fbd8b91d6149977b33c78b6f5c2adde3cd4aa,Other,34,City of Tbilisi,5,2020-01-10 03:05:42.61081-05,
175,4d21ad21-d14c-4162-be4c-84f34375f5f9,,bad681d383bfd9b3c9b1d99f8f19e84c917d60790976ce357b002c4f3921017f5dc4569f248c815e9ebd6da950cf53e69bf4ee979c5e5df131bd9f3728e74c46,Female,38,City of Tbilisi,5,2020-01-10 03:45:09.655314-05,
176,07ac5f75-8e9f-4e8e-9ba9-36fbfc7d599b,,5015232bdbe93799e4812fba36d5f91f81fe5fbfb34389bad7a49e78e3c1e00b800dd1e639f655a2fce2c9a443552cb65d88b5685c2a031302ad972414bbd49d,Male,43,City of Tbilisi,5,2020-01-10 07:50:37.568614-05,
177,07ac5f75-8e9f-4e8e-9ba9-36fbfc7d599b,,5015232bdbe93799e4812fba36d5f91f81fe5fbfb34389bad7a49e78e3c1e00b800dd1e639f655a2fce2c9a443552cb65d88b5685c2a031302ad972414bbd49d,Male,43,City of Tbilisi,5,2020-01-10 07:59:51.206206-05,
178,745e3b7e-1afc-4be2-8fa1-69e49c4bcedf,,41d4d7db637d79479db00e8573dbf9a879ed6cb490fdbbeaf5b05744d33011d07ed45169bc6267c005711a201f2f1c2686140b8dd6123ede268b016a237df27f,Other,69,Guria,5,2020-01-10 13:49:18.591208-05,
179,255a85bb-5fcd-458d-b496-3c123384a35f,,5c2f9661f16513d463c57956e75bc2450054fb0c25aad50ce1ea81f21a9ecd10d38dcc3ae61d8c5b09a38ac76a31b523cfa566cea83819819413a77a957054f6,Male,28,City of Tbilisi,5,2020-01-11 05:16:21.268281-05,
182,27bf29c6-c0f2-4344-9167-7fd0958ca5d7,,31e42c0988c1612b76d8b309a2de52ff4f39a24d318a3a738b68d322ee98b7136bc67c4f5cc50d0bd243c9a4269227d7d0db5cf4cc471162e080b48bc7403c85,Female,26,City of Tbilisi,5,2020-01-13 13:22:34.093143-05,
183,dd23624c-8734-44c2-8eb4-bd213ebd2faf,,8eb118ee2e936c88bcc8b8ccdad34100fd226da04d9816f2f3b5ae526f03a8cb85581e3d407c8fa326a7de2e87f92ec5b5e3ce596d88bb13ba087e6258b315e2,Female,22,City of Tbilisi,5,2020-01-14 08:49:42.798866-05,
180,35de9952-a8bf-4072-8b65-80bdf2ca9947,,09a1658c44fe52ee8f491a4dfe7c88f6d980032e6632ef9e0fff636b89257f92154731a4d6f33551a3a03a2d681095267eafcbde016a9b18c5bef12ae41a6825,Male,48,Samegrelo-Zemo Svaneti,5,2020-01-11 21:34:30.299414-05,
181,45a6525c-65fd-4737-abae-36a5bc11ce51,,5ffb22cc8a7d0675d66e8c11a10075c5be749468e1f3854caed5491e2e199bea12a2cee56979bef4278d17048137518dc4be2c1baccbab62edaaf9e925d74f40,Female,5,Imereti,5,2020-01-11 22:27:18.176266-05,
