id,user_id,politica,location,age,sex,zone,education,universe,created_at,score,locale,region
1,d351d60b-5592-4d58-8632-aa34fe4b8f07,3,747,4,2,1,7,52,2022-09-26 09:47:08.494654+00,0.9,en,PR
2,e3428c81-c1a3-4139-9deb-ab2b9aae481d,1,1277,4,2,1,7,2,2022-09-26 11:46:22.590761+00,0.9,pt,RS
603,248860f8-a008-4207-84fd-a88cdc02e3f1,2,1277,5,2,1,7,2,2022-10-02 19:00:27.70002+00,0.9,pt,RS
661,f3d2061a-9ffa-4fc2-bf46-f9990b6055ec,2,1277,3,1,1,6,2,2022-10-10 19:27:41.827811+00,0.9,pt,RS
699,457cc0fc-957a-4984-a685-587b0686d18d,2,1277,4,2,1,7,52,2022-10-11 14:18:16.502754+00,0.9,pt,RS
738,fc8481a9-7975-43f3-8a76-c054d51e73ea,5,1277,3,1,1,5,52,2022-10-14 07:53:01.211881+00,0.9,pt,RS
739,fc8481a9-7975-43f3-8a76-c054d51e73ea,5,1277,3,1,1,5,52,2022-10-14 07:53:02.102989+00,0.9,pt,RS
753,25411fd4-8617-4702-8c60-35ee4a031465,99,1277,3,2,1,5,52,2022-10-14 13:33:59.534384+00,0.9,pt,RS
772,6f21a9fb-dc87-422e-9e29-e878c9543519,2,1277,2,1,1,3,52,2022-10-17 17:23:28.895827+00,0.9,pt,RS
3,efce7581-fa58-4c27-958e-9c316f1bb78f,2,2538,3,1,1,2,2,2022-09-27 08:58:14.329532+00,0.9,en,MG
766,7d57d832-47a1-428d-b3ff-99403eef11aa,5,2538,6,2,1,1,51,2022-10-16 13:04:14.617492+00,0.9,pt,MG
4,f4ff406c-040c-4aac-b804-d373979a301b,99,5708,99,99,1,3,2,2022-09-27 10:56:32.868275+00,0.9,pt,PE
5,3b978429-19a9-4fe1-8afa-7ec5d492c8cf,1,5708,3,1,1,7,52,2022-09-27 12:35:00.456742+00,0.9,pt,PE
6,7c9ae7a0-fa96-4d51-9092-7aa6dd65c508,3,5708,3,1,1,7,2,2022-09-27 13:55:53.018179+00,0.9,pt,PE
8,c62f7961-ecc7-465c-b514-d4c94ca45377,2,5708,3,2,1,5,2,2022-09-27 15:03:01.022088+00,0.9,pt,PE
9,82fba7ee-3411-4f0d-ad7c-0e91d484aa20,3,5708,5,2,1,5,52,2022-09-27 15:09:56.51716+00,0.9,pt,PE
16,e0e6b1c2-8c9c-404a-8bb4-54466527ef0c,5,5708,4,2,1,3,52,2022-09-28 00:00:02.188394+00,0.9,pt,PE
17,e0e6b1c2-8c9c-404a-8bb4-54466527ef0c,5,5708,4,2,1,3,52,2022-09-28 00:00:02.827375+00,0.9,pt,PE
18,e0e6b1c2-8c9c-404a-8bb4-54466527ef0c,5,5708,4,2,1,3,52,2022-09-28 00:00:03.466143+00,0.9,pt,PE
19,282f79eb-0bd5-4cee-a733-1ef3fd6a5d51,2,5708,2,2,1,3,2,2022-09-28 00:00:11.802381+00,0.9,pt,PE
20,189fa68a-40ea-4537-be58-22c13877f9b5,99,5708,3,1,1,3,52,2022-09-28 00:00:47.988095+00,0.9,pt,PE
21,baf04316-446b-4f89-a8f4-cb1175e9d7ee,1,5708,4,2,1,3,52,2022-09-28 00:01:12.668499+00,0.9,pt,PE
22,e68ce667-a8aa-4c0f-a36a-7506fac3e58d,1,5708,3,1,1,5,2,2022-09-28 00:01:22.642587+00,0.9,pt,PE
23,4859faee-b2b1-48a5-8f73-1e4c58818c97,2,5708,3,1,1,5,2,2022-09-28 00:01:38.607272+00,0.9,pt,PE
32,c7f6c5b4-97f8-48a3-a0dc-275ead352d40,5,5708,3,2,1,3,2,2022-09-28 00:02:35.615904+00,0.9,pt,PE
33,b1395584-552a-4d8a-8d96-0e9997113bf3,99,5708,2,2,1,3,2,2022-09-28 00:02:35.867457+00,0.9,pt,PE
34,7c7618ca-bc4f-4219-991b-dec8a4d2c732,99,5708,3,1,1,3,2,2022-09-28 00:02:39.708645+00,0.9,pt,PE
35,b326e1f8-a224-42d4-a0d3-a03d8d3a7a92,99,5708,2,1,99,3,52,2022-09-28 00:03:08.427713+00,0.9,pt,PE
36,88bf7e84-d2cc-419d-8307-a0dfe8e094cc,1,5708,4,1,1,3,2,2022-09-28 00:03:10.740424+00,0.9,pt,PE
37,d14ae4ea-2e62-47b2-9605-5d7c6febbc70,5,5708,3,2,1,3,2,2022-09-28 00:03:27.176893+00,0.9,pt,PE
38,26f9beff-c2d7-44f6-bae6-8b0c1efd60f0,4,5708,1,2,1,3,52,2022-09-28 00:03:32.968338+00,0.9,pt,PE
39,d6c1bfcb-b7af-4f00-b5d0-b20703effe55,5,5708,3,2,1,3,52,2022-09-28 00:03:35.606287+00,0.9,pt,PE
40,d15532d1-a33a-4f23-853f-7ea253f696ac,3,5708,2,1,1,3,52,2022-09-28 00:03:36.158152+00,0.9,pt,PE
41,fa00641d-2471-4362-8b9d-75546cff43a0,5,5708,2,2,1,3,2,2022-09-28 00:03:39.667082+00,0.9,pt,PE
44,4b71598c-2641-4e11-abf5-a0ff61d486cb,5,5708,4,1,1,5,2,2022-09-28 00:03:56.39889+00,0.9,pt,PE
45,48aec198-7acf-49b7-9e93-d9693bba21f8,5,5708,4,1,1,5,2,2022-09-28 00:04:18.586125+00,0.9,pt,PE
48,713645bd-f65c-4882-8302-b6e4269facf2,1,5708,5,1,1,5,2,2022-09-28 00:05:57.494192+00,0.9,pt,PE
49,27d16972-7db1-435f-9f8a-608153ace317,5,5708,2,2,1,3,51,2022-09-28 00:07:47.882721+00,0.9,pt,PE
50,97eb11cf-5054-4e9f-a4e3-a0b5f2bd13fe,3,5708,4,2,1,5,51,2022-09-28 00:07:51.659912+00,0.9,pt,PE
52,de65878f-7ecf-4105-9ae3-84adbef506d2,5,5708,2,1,1,3,52,2022-09-28 00:24:06.894172+00,0.9,pt,PE
56,14323409-1fda-4969-bd93-10167fe61366,2,5708,4,2,1,5,52,2022-09-28 08:23:18.362695+00,0.9,pt,PE
57,a1d15e55-954a-49cb-8b18-867f4145e582,2,5708,4,2,1,6,52,2022-09-28 08:51:12.81782+00,0.9,pt,PE
59,97ab2b91-cd9e-4232-87a6-455094c2a6f8,2,5708,4,2,1,5,52,2022-09-28 09:02:54.9235+00,0.9,pt,PE
60,97ab2b91-cd9e-4232-87a6-455094c2a6f8,2,5708,4,2,1,5,52,2022-09-28 09:02:56.470258+00,0.9,pt,PE
62,0fe8bd6a-601a-48bb-8c96-d0b5bfe2248e,5,5708,4,2,1,7,2,2022-09-28 09:05:10.201713+00,0.9,pt,PE
63,3c0d3c02-8a0b-4b69-8198-518007682960,2,5708,3,2,1,6,51,2022-09-28 09:08:51.129189+00,0.9,pt,PE
69,e51216c3-a23b-4b21-9977-bb5364d9a2f5,3,5708,3,2,1,7,52,2022-09-28 09:43:18.810925+00,0.9,pt,PE
73,07f8bf11-a9ac-4ab4-9996-3c6c5c3daa82,1,5708,3,2,1,7,2,2022-09-28 09:59:38.556609+00,0.9,pt,PE
75,26b3c23f-6f04-4191-8fe6-29fc0eb17891,1,5708,4,2,1,5,2,2022-09-28 10:04:47.221374+00,0.9,pt,PE
76,5ebda3e4-00d3-4c39-ad97-1be45a1b2152,4,5708,3,1,1,5,52,2022-09-28 10:30:41.148966+00,0.9,pt,PE
77,5ebda3e4-00d3-4c39-ad97-1be45a1b2152,4,5708,3,1,1,5,52,2022-09-28 10:30:42.044239+00,0.9,pt,PE
80,5a0033a1-cd8d-409b-95e4-cdf2742a8602,1,5708,4,2,1,5,51,2022-09-28 10:51:27.213626+00,0.9,pt,PE
82,fed0ccb0-fdf8-423a-abd1-cef80cc4d6c5,1,5708,3,1,1,6,2,2022-09-28 11:04:00.214027+00,0.9,pt,PE
85,f6b37597-3bad-4bd2-adbf-92254178d0ef,1,5708,4,1,1,5,52,2022-09-28 11:13:56.899289+00,0.9,pt,PE
86,3c912cf3-38ab-4548-aeee-b63a0ef081b9,99,5708,3,2,1,7,2,2022-09-28 11:22:18.950262+00,0.9,pt,PE
87,6a5f1778-3268-49c1-875a-8d4bdda19662,2,5708,4,2,1,5,2,2022-09-28 11:30:11.586757+00,0.9,pt,PE
88,6a5f1778-3268-49c1-875a-8d4bdda19662,2,5708,4,2,1,5,2,2022-09-28 11:30:12.118707+00,0.9,pt,PE
89,af7c391d-1a0f-4443-b2a3-05268a884d49,4,5708,3,2,1,6,2,2022-09-28 11:36:17.152859+00,0.9,pt,PE
90,2c2adab5-d108-4921-9844-ccf26d06bb79,1,5708,4,2,1,3,51,2022-09-28 11:40:54.434217+00,0.9,pt,PE
91,a9132f27-b443-4271-8e06-da47ce7a7e62,1,5708,6,1,1,5,52,2022-09-28 11:45:00.786855+00,0.9,pt,PE
92,83c1e535-7e4c-423a-a5a0-893675e75f66,1,5708,5,2,1,2,52,2022-09-28 11:47:33.037382+00,0.9,pt,PE
94,f39a7b55-de67-42ba-8121-81a94135ca98,1,5708,3,1,1,7,52,2022-09-28 12:09:56.149588+00,0.9,pt,PE
95,4101dd49-9581-4e72-9eb9-2586f187c392,1,5708,3,2,1,7,2,2022-09-28 12:10:22.446141+00,0.9,pt,PE
97,b539d26a-7994-45e6-8efb-dd838fd103e9,3,5708,4,2,1,5,2,2022-09-28 12:22:07.805319+00,0.9,pt,PE
98,5c172abf-306c-4582-944f-715512019585,1,5708,5,2,1,7,52,2022-09-28 12:32:19.985664+00,0.9,pt,PE
99,f206204f-7350-43fb-9ecb-8ef892363c4d,2,5708,3,2,1,6,52,2022-09-28 12:45:28.65346+00,0.9,pt,PE
100,41f888f3-8943-4746-ace0-b0ef79e7486d,1,5708,5,1,1,5,52,2022-09-28 12:50:51.857902+00,0.9,pt,PE
101,2159376f-c813-447c-81cf-c91f7de2c4a6,2,5708,2,2,1,6,52,2022-09-28 12:51:44.320484+00,0.9,pt,PE
102,a787bc83-a825-49c8-94d5-c7db8d955f60,1,5708,3,1,1,5,2,2022-09-28 13:08:13.589061+00,0.9,pt,PE
104,c4c697b3-88c4-427e-8092-eebae7c696bc,2,5708,7,2,1,5,51,2022-09-28 13:23:59.143585+00,0.9,pt,PE
112,f766a71c-b94f-4119-a8a8-45245e155085,1,5708,6,1,1,5,2,2022-09-28 13:39:14.93762+00,0.9,pt,PE
117,54a8485f-520d-4a9e-93a1-2407a7683624,1,5708,4,2,1,7,2,2022-09-28 13:46:59.832395+00,0.9,pt,PE
122,03139237-17ec-4e01-8883-c18097b396f9,1,5708,5,2,1,6,51,2022-09-28 13:54:51.03996+00,0.9,pt,PE
129,bd2e6bde-155b-4534-af67-358254211dbd,3,5708,3,1,1,7,2,2022-09-28 14:12:39.687728+00,0.9,pt,PE
133,31a98c74-14e1-4946-9f2a-3c5bea22a715,2,5708,3,1,1,5,52,2022-09-28 14:19:29.16566+00,0.9,pt,PE
134,2882fef2-8346-4a26-927b-f6ac12a3d530,4,5708,3,2,1,3,52,2022-09-28 14:19:42.323745+00,0.9,pt,PE
135,03914fa5-745c-4f43-bdc3-8794f2716a3b,5,5708,1,2,1,3,2,2022-09-28 14:20:11.393282+00,0.9,pt,PE
136,723fc398-5684-4ab6-94fa-bbb99f8aae77,1,5708,4,2,1,7,52,2022-09-28 14:25:04.875971+00,0.9,pt,PE
138,5e24addc-690c-4bee-ab32-5d2b4ace3984,2,5708,3,2,1,5,52,2022-09-28 14:30:11.809903+00,0.9,pt,PE
139,a5bc382a-2bb6-4e66-bfc0-7fcec4843a05,99,5708,4,1,1,5,2,2022-09-28 14:32:54.38653+00,0.9,pt,PE
140,35f29e09-26f2-48d1-9600-5fcd9ff950cb,2,5708,2,2,1,5,2,2022-09-28 14:35:22.08722+00,0.9,pt,PE
152,b9e47388-6f7e-4d79-ab83-4e8f9ea5a219,1,5708,4,1,1,6,2,2022-09-28 15:08:44.99824+00,0.9,pt,PE
153,c82adff4-9736-4b6f-8d95-8e1a34adf800,3,5708,2,1,1,5,52,2022-09-28 15:17:47.7697+00,0.9,pt,PE
154,67937e63-decc-45e9-bd3b-9783dc39e788,2,5708,3,2,1,5,52,2022-09-28 15:18:54.440548+00,0.9,pt,PE
155,7d59f390-5088-4f75-aaa4-185a7dbed146,1,5708,2,2,1,3,52,2022-09-28 15:21:27.257764+00,0.9,pt,PE
159,d53af3d5-8087-4a9b-a3f2-a511c1242753,1,5708,3,2,1,5,52,2022-09-28 15:30:29.214707+00,0.9,pt,PE
160,d53af3d5-8087-4a9b-a3f2-a511c1242753,1,5708,3,2,1,5,52,2022-09-28 15:30:29.765976+00,0.9,pt,PE
161,e7b30b93-cc28-4450-8cb1-47141854034d,1,5708,3,2,1,5,52,2022-09-28 15:40:18.198803+00,0.9,pt,PE
163,cb2fe320-8421-44af-8cfb-cdeffa64e2c3,99,5708,3,1,1,6,2,2022-09-28 15:43:13.598027+00,0.9,pt,PE
165,fa861463-8518-49a8-8436-fd195e3118f7,2,5708,3,1,1,5,52,2022-09-28 15:43:48.084951+00,0.9,pt,PE
166,b7a1b365-715b-4293-ba2f-bab583a825c2,2,5708,2,1,1,5,2,2022-09-28 15:44:00.932988+00,0.9,pt,PE
168,72a7a025-37c0-4b72-8bc7-3ac47fd1bc36,1,5708,2,1,1,3,52,2022-09-28 15:51:32.494475+00,0.9,pt,PE
169,72a7a025-37c0-4b72-8bc7-3ac47fd1bc36,1,5708,2,1,1,3,52,2022-09-28 15:51:33.019127+00,0.9,pt,PE
172,ebdf94c3-51f8-4c09-9a36-a459a1ecd32e,3,5708,2,2,1,5,2,2022-09-28 15:59:47.761179+00,0.9,pt,PE
173,d7a676bc-4b42-4cb4-85aa-8211a989e98a,1,5708,2,1,1,5,51,2022-09-28 16:06:17.200262+00,0.9,pt,PE
174,c22ff7b1-38d0-47e8-b6a2-ceac01ada15e,2,5708,3,2,1,5,52,2022-09-28 16:14:19.247318+00,0.9,pt,PE
175,ad04c158-904f-455b-abff-410e95cfba04,1,5708,2,1,1,6,2,2022-09-28 16:15:44.720061+00,0.9,pt,PE
176,b7b805d8-fee8-46b0-bd26-70b237669071,1,5708,6,1,1,7,52,2022-09-28 16:16:31.529478+00,0.9,pt,PE
178,3f9b6a54-f69e-4788-97f5-cc115b0e45cf,99,5708,2,2,1,3,51,2022-09-28 16:25:48.341124+00,0.9,pt,PE
180,c0967c66-ad29-48b3-8088-1f4344fe07a2,1,5708,6,2,1,2,51,2022-09-28 16:29:57.452858+00,0.9,pt,PE
183,2806fc23-d426-4faa-be06-5386f95e2652,99,5708,2,1,1,3,51,2022-09-28 17:00:31.778752+00,0.9,pt,PE
184,4aae9026-0f4b-40a6-895f-e6a065b16c20,4,5708,3,2,1,3,52,2022-09-28 17:01:02.640117+00,0.9,pt,PE
188,07cc946d-be4d-40f6-b64e-ffaf94a40d20,1,5708,5,1,1,5,2,2022-09-28 17:10:23.357186+00,0.9,pt,PE
189,298e7737-5aaa-47c3-9576-7b0b8030e7c7,3,5708,3,2,1,5,52,2022-09-28 17:10:33.890836+00,0.9,pt,PE
191,70f3e899-6606-4e4c-9677-583daf601f1b,99,5708,4,2,1,6,52,2022-09-28 17:33:44.702908+00,0.9,pt,PE
192,004ddaed-61da-408f-9030-79728dd9acfa,2,5708,3,2,1,5,52,2022-09-28 17:33:51.508146+00,0.9,pt,PE
193,424d47ef-c4b7-4260-b51b-4e7014bf8447,1,5708,3,2,1,6,52,2022-09-28 17:34:34.970346+00,0.9,pt,PE
195,1293c007-02ce-450d-8480-cbeff9c0146a,2,5708,3,2,1,3,51,2022-09-28 17:41:23.967017+00,0.9,pt,PE
197,22974c8a-a32f-4e80-b772-fc7e6c0904e9,1,5708,3,2,1,6,52,2022-09-28 17:52:53.465243+00,0.9,pt,PE
199,0d4cdfa3-efaf-466c-8427-768b0d9dae88,1,5708,3,2,1,6,51,2022-09-28 17:54:48.723157+00,0.9,pt,PE
205,1f588c65-e9df-41bd-a89f-10a5daa4e5c6,5,5708,2,1,1,3,52,2022-09-28 18:07:05.299829+00,0.9,pt,PE
214,eeb4c3bc-1d5b-44fa-9e68-ab56ef480cd6,1,5708,3,2,1,3,51,2022-09-28 18:42:44.678106+00,0.9,pt,PE
218,c6308e28-8911-4bac-a8a0-b88fa3ea8a1e,2,5708,3,1,1,7,52,2022-09-28 19:18:08.667004+00,0.9,pt,PE
221,a2364646-da41-48f6-9c06-7a7c8d2ef75a,1,5708,4,2,1,6,2,2022-09-28 19:55:38.06768+00,0.9,pt,PE
222,82cdfdd8-2290-4acc-9133-84b65da4ea93,1,5708,2,2,1,5,51,2022-09-28 20:07:58.408303+00,0.9,pt,PE
223,d241509c-20e8-4250-bba5-28859029f806,1,5708,6,1,1,5,51,2022-09-28 20:14:55.904747+00,0.9,pt,PE
224,b17c73b6-a6d3-4d41-8e6a-b485d1717edb,5,5708,3,2,1,7,2,2022-09-28 20:20:26.277974+00,0.9,pt,PE
225,ab40c613-b314-435e-a11f-cca2f23071b6,1,5708,3,2,1,5,2,2022-09-28 20:50:17.230097+00,0.9,pt,PE
227,b0815a40-8790-441b-b741-e4e796c755f3,2,5708,4,1,1,6,52,2022-09-28 21:23:55.427553+00,0.9,pt,PE
228,512cebe6-538e-4592-a387-adfdecc15b74,2,5708,4,1,1,6,51,2022-09-28 21:28:49.736018+00,0.9,pt,PE
232,22c80e87-4203-49ab-a10a-3c43f7fc4c98,1,5708,4,1,1,5,51,2022-09-28 21:59:29.126021+00,0.9,pt,PE
233,4067b407-758b-4004-b2bb-21398d4df20f,2,5708,3,2,1,7,52,2022-09-28 22:01:55.079798+00,0.9,pt,PE
235,f46f552e-619b-4447-a594-fc7ca8ace32c,5,5708,2,2,1,6,52,2022-09-28 22:31:42.23133+00,0.9,pt,PE
236,f46f552e-619b-4447-a594-fc7ca8ace32c,5,5708,2,2,1,6,52,2022-09-28 22:31:42.24849+00,0.9,pt,PE
237,f46f552e-619b-4447-a594-fc7ca8ace32c,5,5708,2,2,1,6,52,2022-09-28 22:31:42.598107+00,0.9,pt,PE
238,bf1f0e4f-8375-42fb-9140-fc2a52dbdf00,1,5708,4,2,1,7,2,2022-09-28 22:34:47.839113+00,0.9,pt,PE
239,35679920-4401-4191-8114-26bf10b60dd3,5,5708,6,1,1,7,2,2022-09-28 22:36:32.347727+00,0.9,pt,PE
241,1a3c2a40-e164-4304-aa30-ba052ebef133,1,5708,3,2,1,7,2,2022-09-28 23:01:41.343649+00,0.9,pt,PE
255,acdedf0b-35c5-4055-8696-4f09419996cc,99,5708,5,1,1,5,2,2022-09-28 23:34:47.93556+00,0.9,pt,PE
256,acdedf0b-35c5-4055-8696-4f09419996cc,99,5708,5,1,1,5,2,2022-09-28 23:34:48.874247+00,0.9,pt,PE
257,acdedf0b-35c5-4055-8696-4f09419996cc,99,5708,5,1,1,5,2,2022-09-28 23:34:49.722557+00,0.9,pt,PE
258,acdedf0b-35c5-4055-8696-4f09419996cc,99,5708,5,1,1,5,2,2022-09-28 23:34:50.465995+00,0.9,pt,PE
260,b9751c98-ca64-4bed-9e8b-c4f4995d5471,5,5708,4,2,1,7,52,2022-09-28 23:53:45.889641+00,0.9,pt,PE
262,aa680579-a442-44ea-9bdf-f28ff10b6c33,4,5708,5,1,1,5,2,2022-09-28 23:56:09.672626+00,0.9,pt,PE
264,d6a713ab-bb0e-4cdc-9d56-450fcbe0da3a,2,5708,3,1,1,5,52,2022-09-28 23:57:40.369094+00,0.9,pt,PE
269,78ce792b-dbb5-4e5a-a81f-67eb7d7de5f0,3,5708,4,1,1,5,51,2022-09-29 00:00:50.322467+00,0.9,pt,PE
270,2b545b5e-7bbe-45af-b585-24f876ba0e9e,5,5708,3,2,1,5,52,2022-09-29 00:02:51.972612+00,0.9,pt,PE
271,2b545b5e-7bbe-45af-b585-24f876ba0e9e,5,5708,3,2,1,5,52,2022-09-29 00:02:52.218575+00,0.9,pt,PE
273,2560a7e6-bf13-415c-9e98-9a561813f84e,99,5708,5,2,1,5,51,2022-09-29 00:40:08.230404+00,0.9,pt,PE
275,1b1ba96b-b8d2-4658-a60f-e8ea87af1ef9,5,5708,5,1,1,5,51,2022-09-29 02:03:49.427831+00,0.9,pt,PE
276,6824d0b9-65e2-46a6-9a50-7520aaae3200,2,5708,3,1,1,5,52,2022-09-29 02:19:09.861194+00,0.9,pt,PE
277,6824d0b9-65e2-46a6-9a50-7520aaae3200,2,5708,3,1,1,5,52,2022-09-29 02:19:10.004173+00,0.9,pt,PE
278,fa9a4fba-6fc7-454f-8c6b-3c263cdd6021,99,5708,5,1,1,5,2,2022-09-29 02:19:29.761764+00,0.9,pt,PE
282,28fc907e-376c-4566-a7da-28fbacaae3ed,99,5708,2,99,1,5,52,2022-09-29 03:05:05.412544+00,0.9,pt,PE
301,308e2a5b-e57f-42df-8448-333e7df64a27,1,5708,4,1,1,5,2,2022-09-29 10:16:26.364644+00,0.9,pt,PE
317,77521338-f88e-4fd0-bd3b-dc24003af9bc,99,5708,3,2,1,5,51,2022-09-29 11:49:36.855418+00,0.9,pt,PE
319,159005fb-91a9-4413-ac9c-c12368dbb651,5,5708,1,2,1,6,2,2022-09-29 11:50:48.602006+00,0.9,pt,PE
320,a98f1393-2aa6-476d-8196-720734b43f89,2,5708,2,2,1,5,2,2022-09-29 11:54:50.934816+00,0.9,pt,PE
321,116a155c-7234-4257-803e-6197a8a17afc,99,5708,2,1,1,3,52,2022-09-29 11:57:26.747787+00,0.9,pt,PE
322,5562ef4b-05e4-4b0b-906e-1bb8c1f29050,99,5708,4,1,1,5,2,2022-09-29 12:02:27.061194+00,0.9,pt,PE
323,63f39976-6e9d-4ed8-a59f-9aa992dcfdc1,5,5708,5,1,1,4,2,2022-09-29 12:03:01.832782+00,0.9,pt,PE
325,01048f40-73fa-460a-8a0f-d37f46ba2bf0,99,5708,4,1,1,5,51,2022-09-29 12:06:45.627281+00,0.9,pt,PE
326,bfccea08-d6a3-45df-b875-2bd737fe24a3,4,5708,3,2,1,5,52,2022-09-29 12:10:03.143307+00,0.9,pt,PE
327,d95919ce-2129-48ab-85ed-84cfbee809e1,1,5708,3,2,1,5,51,2022-09-29 12:10:11.957421+00,0.9,pt,PE
335,adf90f57-77e5-47ff-8072-81f13bc1499f,1,5708,3,2,1,5,52,2022-09-29 12:35:39.453885+00,0.9,pt,PE
344,6918cc4c-d6a3-4fed-a868-8e548b1ff14a,1,5708,2,2,1,4,2,2022-09-29 13:13:21.663883+00,0.9,pt,PE
345,a7d81f79-ac72-4baa-949d-5927e4d45986,1,5708,4,1,1,5,51,2022-09-29 13:21:20.370327+00,0.9,pt,PE
347,162eb3e9-694a-4da4-b85e-116500bca3da,2,5708,3,2,1,5,52,2022-09-29 13:24:28.991831+00,0.9,pt,PE
350,74392e65-801a-4b4b-a8e6-ae11b37a0f33,4,5708,3,2,1,5,2,2022-09-29 13:31:42.097994+00,0.9,pt,PE
351,4d2a3e1f-c251-4d66-9acc-1a2a33b5b25a,1,5708,2,1,1,5,52,2022-09-29 13:37:03.067502+00,0.9,pt,PE
354,4b82d964-eca1-46e1-b626-1d4f6b35d128,99,5708,4,1,1,5,52,2022-09-29 14:02:08.562749+00,0.9,pt,PE
357,c8c19812-7100-47d1-8f17-ffee3b413481,1,5708,5,2,1,6,52,2022-09-29 14:14:34.819429+00,0.9,pt,PE
360,e544e679-38c5-4b67-8e4f-228bf11b9d9f,5,5708,2,1,1,3,2,2022-09-29 14:49:17.533476+00,0.9,pt,PE
361,5224d9c8-88dc-4e3c-93b8-c0e41a052551,99,5708,6,2,1,5,52,2022-09-29 15:06:14.092597+00,0.9,pt,PE
366,229b57ed-34ac-41da-bb4b-8863400d276d,1,5708,2,2,1,6,51,2022-09-29 15:31:12.685614+00,0.9,pt,PE
367,396b2e81-7dad-422c-ae3c-6a55ea44bd8c,3,5708,2,1,1,5,51,2022-09-29 15:42:22.435832+00,0.9,pt,PE
368,6005b442-5c5f-4ba6-b0d2-fa1ca43ed0d9,2,5708,3,2,1,6,2,2022-09-29 15:54:25.852068+00,0.9,pt,PE
369,90ea1d3e-9aa6-4253-ab1f-434bc1178302,4,5708,2,2,1,5,51,2022-09-29 15:57:26.431159+00,0.9,pt,PE
384,b2f1e348-ad97-449d-8968-3cefdb3ca55a,1,5708,3,1,2,5,2,2022-09-29 16:44:02.580628+00,0.9,pt,PE
385,45560e7a-2332-442f-8634-4a80b65fb28b,1,5708,3,2,1,5,51,2022-09-29 16:51:02.231231+00,0.9,pt,PE
386,97f99f59-c7b5-4cee-998e-513c4e9a1a24,1,5708,2,1,1,3,2,2022-09-29 16:55:15.225085+00,0.9,pt,PE
389,2d03f719-038d-4335-bb23-8f99ce473251,2,5708,3,2,1,5,2,2022-09-29 17:38:34.101164+00,0.9,pt,PE
393,491c1455-5bff-4d96-a7f4-3e37936f19a7,2,5708,3,1,1,7,52,2022-09-29 18:56:58.836309+00,0.9,pt,PE
405,e9772806-fa10-4aff-bb79-d05388095986,1,5708,2,1,1,5,52,2022-09-29 21:53:45.779952+00,0.9,pt,PE
407,564b63fa-3ad1-43fa-8ddf-c4b85090bb89,2,5708,5,2,1,5,51,2022-09-29 22:46:32.378181+00,0.9,pt,PE
411,93b855d7-da57-408b-859c-73163d36f4b1,2,5708,3,2,1,7,51,2022-09-29 23:34:58.021326+00,0.9,pt,PE
416,2ab9ff7f-8e3c-4526-867e-1943aae6da26,1,5708,2,2,1,5,2,2022-09-30 00:06:47.772627+00,0.7,pt,PE
418,9d13bb28-7aca-46ad-b4c0-02f6a0f1434f,3,5708,2,1,1,3,52,2022-09-30 00:45:20.571001+00,0.9,pt,PE
419,da4fd866-8a4a-43ce-8816-fcc07891f54e,1,5708,2,2,1,5,51,2022-09-30 00:55:55.315739+00,0.9,pt,PE
421,5541b9dc-b5ae-4d37-96b4-720e631fffc1,99,5708,4,1,1,5,2,2022-09-30 01:01:10.424395+00,0.9,pt,PE
422,52cd5b29-c876-41fb-8d46-c2594a9d752c,1,5708,2,2,1,5,51,2022-09-30 01:03:03.035604+00,0.9,pt,PE
423,d2e8bbce-97da-4102-8e7d-1469997eaf41,3,5708,3,2,1,3,52,2022-09-30 01:08:30.659614+00,0.9,pt,PE
425,0a5f2205-dba4-43b2-a553-2b64fcd196e1,99,5708,2,1,1,3,52,2022-09-30 01:22:14.439426+00,0.9,pt,PE
426,d655e3fd-655a-4511-ac32-684110723acf,2,5708,3,2,1,5,52,2022-09-30 01:28:56.365256+00,0.9,pt,PE
429,015ea9da-e6d4-4902-990e-298155884106,3,5708,2,2,1,5,52,2022-09-30 01:50:08.36733+00,0.9,pt,PE
431,89a3a02b-c050-4404-9615-2ba471a85397,1,5708,3,1,1,5,52,2022-09-30 02:01:32.544853+00,0.9,pt,PE
438,0c612802-ca9d-4a46-b3a5-a831a6a7784c,2,5708,3,2,1,3,2,2022-09-30 02:31:55.976329+00,0.9,pt,PE
439,ea1f8e41-321e-4941-a574-4a086d8e7889,2,5708,3,2,1,5,2,2022-09-30 02:39:11.229846+00,0.9,pt,PE
440,3231f468-d79c-44fd-a7be-1be9f2693b9e,5,5708,4,1,1,5,2,2022-09-30 02:40:55.141964+00,0.9,pt,PE
443,a1b2c7b2-d9cd-4c8c-bd74-e042b44b1a47,2,5708,4,2,1,5,51,2022-09-30 03:04:01.104385+00,0.9,pt,PE
444,994af604-eb65-4106-b0b8-8defeea2f5d5,1,5708,2,1,1,5,52,2022-09-30 03:23:35.167565+00,0.9,pt,PE
447,95d9dc9b-4b40-478b-a5be-f5c00f08d1be,1,5708,2,2,1,5,52,2022-09-30 04:19:24.181733+00,0.9,pt,PE
452,c9b692e8-2b76-4f84-b536-c0e6abbea89c,3,5708,4,2,1,3,51,2022-09-30 09:04:02.686964+00,0.9,pt,PE
453,fd5859ab-7092-40b1-8abb-7ab3d566b138,1,5708,3,1,1,5,52,2022-09-30 10:01:00.217749+00,0.9,pt,PE
457,a916f84b-d744-4dbd-bfd7-fdb4c649fedb,99,5708,3,2,1,5,52,2022-09-30 12:36:21.313254+00,0.9,pt,PE
458,f313f10e-7221-4ffb-a347-eeb83d727c1d,1,5708,2,2,1,6,52,2022-09-30 12:45:43.863143+00,0.9,pt,PE
459,cff5c797-66bd-4eb7-b6e1-1e9ea3e4d1b9,99,5708,2,2,1,4,2,2022-09-30 12:58:06.466533+00,0.9,pt,PE
464,fe398646-1fde-4c97-b589-520b5186a428,4,5708,3,2,1,5,2,2022-09-30 13:47:34.64423+00,0.9,pt,PE
471,d1d3b52b-00cb-4fa6-958c-5ac22e85b84b,2,5708,3,2,1,5,2,2022-09-30 14:26:11.403731+00,0.9,pt,PE
473,17a88adb-aee3-4989-a120-7e70d37b155e,3,5708,3,2,1,6,2,2022-09-30 14:52:29.922944+00,0.9,pt,PE
474,2be9b10f-e555-494f-b946-32ca6bf420a0,1,5708,2,2,1,3,52,2022-09-30 14:53:23.941421+00,0.9,pt,PE
475,e7ea8d64-5276-4998-b1dd-dc7d9596ff02,2,5708,2,2,1,5,52,2022-09-30 15:08:56.96339+00,0.9,pt,PE
477,f3b01299-4dce-44a8-b08e-130fe4d0e2c5,1,5708,3,1,1,6,51,2022-09-30 15:29:21.565508+00,0.9,pt,PE
478,44110622-9cc2-41ac-8173-7137ac184c56,99,5708,2,2,1,6,2,2022-09-30 15:45:36.736566+00,0.9,pt,PE
480,8a4125be-b404-4914-983d-fe4dd3dcba19,5,5708,3,1,1,6,2,2022-09-30 16:36:12.145804+00,0.9,pt,PE
481,55cc09fd-b510-4ac1-9791-61e56b2311e9,5,5708,4,2,1,5,52,2022-09-30 17:12:52.798883+00,0.9,pt,PE
483,4ee0d6a4-6040-4c89-a513-bf5f22cf1bb0,99,5708,2,1,1,5,52,2022-09-30 17:20:30.380281+00,0.9,pt,PE
485,d0b2f3d1-d744-4450-a6b6-d3c471e7ca59,1,5708,2,1,1,5,52,2022-09-30 17:36:55.417002+00,0.9,pt,PE
486,34fce401-b6da-4543-9078-67bd0615751f,4,5708,2,2,1,5,51,2022-09-30 17:39:06.367452+00,0.9,pt,PE
487,2daf4564-6d02-4e67-a8e6-803a478f8c3c,2,5708,3,2,1,5,51,2022-09-30 18:11:22.293641+00,0.9,pt,PE
488,2daf4564-6d02-4e67-a8e6-803a478f8c3c,2,5708,3,2,1,5,51,2022-09-30 18:11:22.773224+00,0.9,pt,PE
492,f259c03a-b3b4-4f5f-9d7d-f204a93bbc8e,5,5708,4,2,1,6,51,2022-09-30 19:14:13.214998+00,0.9,pt,PE
495,9b9fa3a7-f3ce-49fb-8db1-404f4f702349,2,5708,3,2,1,5,52,2022-09-30 20:24:03.432158+00,0.9,pt,PE
497,52988c2f-df35-4bc3-a6d2-348bd8747fb2,1,5708,3,1,1,5,2,2022-09-30 20:59:38.113725+00,0.9,pt,PE
550,913a9290-9665-4ef8-99f2-02fe85d47bd1,2,5708,3,2,1,5,52,2022-10-01 00:33:47.195702+00,0.9,pt,PE
551,28e93897-107a-468e-80a8-300eda4fd8ee,99,5708,2,2,1,3,2,2022-10-01 00:51:21.218273+00,0.9,pt,PE
560,bbdbc713-74a6-4f70-9845-41895ed3d456,1,5708,4,1,1,5,2,2022-10-01 03:08:01.211509+00,0.9,pt,PE
561,968c8e23-1a5e-4d5e-b619-4d118ff3919b,99,5708,2,2,1,3,51,2022-10-01 05:46:45.336901+00,0.9,pt,PE
564,995e27a2-a9f5-4df4-965a-446755003946,99,5708,4,1,1,6,52,2022-10-01 10:30:30.776235+00,0.9,pt,PE
565,995e27a2-a9f5-4df4-965a-446755003946,99,5708,4,1,1,6,52,2022-10-01 10:30:30.844801+00,0.9,pt,PE
566,995e27a2-a9f5-4df4-965a-446755003946,99,5708,4,1,1,6,52,2022-10-01 10:30:31.448786+00,0.9,pt,PE
571,ba22420b-887d-45e2-83f3-0896c9a0e8d1,4,5708,3,2,1,5,2,2022-10-01 13:55:37.777282+00,0.9,pt,PE
574,cb5cb4d6-a4f1-489e-841c-304b775fdd03,2,5708,3,2,1,5,2,2022-10-01 16:07:04.651002+00,0.9,pt,PE
575,3e5f8e1e-e9ac-4745-a52d-b6b6b482f07a,4,5708,2,2,1,5,2,2022-10-01 17:11:45.967414+00,0.9,pt,PE
578,3db16a64-f0a3-41f2-b2ff-13df9d2a8048,2,5708,2,2,1,3,2,2022-10-01 18:14:03.742168+00,0.9,pt,PE
579,089634eb-2605-4300-8cde-b0274a2ddef6,1,5708,1,1,1,2,2,2022-10-01 18:14:29.295803+00,0.9,pt,PE
580,31dd0ac4-b32f-4dd4-aaec-ca981244f3a9,99,5708,2,1,1,3,2,2022-10-01 18:40:24.116382+00,0.9,pt,PE
581,7d7a11a5-f98a-4105-8f33-898924992cc1,1,5708,2,1,1,3,52,2022-10-01 19:10:24.744631+00,0.9,pt,PE
584,afa1f57c-8f0f-44a3-b6c3-c1dbda0b57ec,1,5708,3,2,1,6,2,2022-10-01 19:48:16.438053+00,0.9,pt,PE
591,01e39de7-8a0a-4d1c-9d90-7678cc03a79c,4,5708,2,1,1,2,51,2022-10-01 23:46:54.663711+00,0.9,pt,PE
596,8981a26e-f229-4c0f-96f1-f0d22160896d,1,5708,5,1,1,2,52,2022-10-02 13:57:34.203592+00,0.9,pt,PE
597,b3859083-3cf1-44af-a93b-37142ba48a77,5,5708,4,1,1,5,51,2022-10-02 14:15:21.399259+00,0.9,pt,PE
602,a8ce5941-0f69-4abe-bdf7-d3ace190b07b,3,5708,4,2,1,6,51,2022-10-02 18:18:35.520055+00,0.9,pt,PE
606,b66175a7-cc87-47de-9278-5116d8c99a8d,1,5708,2,1,1,5,52,2022-10-02 20:47:28.882322+00,0.9,pt,PE
616,43580040-92d0-47fc-aa5c-6b6a2896fa38,4,5708,3,2,1,6,2,2022-10-04 19:30:40.918439+00,0.9,pt,PE
641,a5a25e2b-6436-4eb4-93c7-13110a9301cc,99,5708,3,1,1,5,2,2022-10-06 23:14:26.720629+00,0.9,pt,PE
654,0b2668e5-ed7b-4e23-8636-48e2d1e497cb,2,5708,3,2,1,6,52,2022-10-10 10:18:31.462989+00,0.9,pt,PE
656,10d15b8b-8e18-416e-9ae4-ea7146cf7f1d,2,5708,6,2,1,7,52,2022-10-10 12:02:58.504405+00,0.7,pt,PE
657,6916183a-748f-4ce0-a886-74dbce10d4a2,2,5708,4,2,1,7,2,2022-10-10 19:23:19.42242+00,0.9,pt,PE
665,554d3763-996d-4f31-b794-d030b9200dc6,5,5708,2,2,1,6,51,2022-10-10 19:47:18.29362+00,0.9,pt,PE
680,c533650a-d1b8-4a87-adf9-37d1cba316fd,2,5708,2,1,1,5,52,2022-10-11 05:14:42.116219+00,0.9,pt,PE
689,63148efb-8dea-4e52-a5c5-d2168149b918,2,5708,3,2,1,7,52,2022-10-11 10:48:15.808776+00,0.9,pt,PE
698,699c8992-0058-46b7-a006-4e55e298e8c2,1,5708,3,2,1,6,51,2022-10-11 13:59:53.259497+00,0.9,pt,PE
704,b4899d21-967b-4d3f-bba5-1a5a472255da,2,5708,3,2,1,7,52,2022-10-11 18:34:23.61959+00,0.9,pt,PE
715,901e1ac4-5e61-450c-99a2-de9a8be8b745,1,5708,2,2,1,5,2,2022-10-14 00:16:42.546276+00,0.9,pt,PE
718,35f4fe1e-15ff-457e-8c91-ca3c332e2738,1,5708,2,1,1,3,2,2022-10-14 00:22:29.496242+00,0.9,pt,PE
720,d8e4321c-b422-42b2-8833-8f5ce8ed22f9,99,5708,2,1,1,3,52,2022-10-14 00:33:11.082886+00,0.9,pt,PE
721,15c9b047-8ec3-48bb-9071-b51c214ad031,5,5708,2,2,1,3,51,2022-10-14 00:36:38.607456+00,0.9,pt,PE
722,e3176e35-875d-44f9-ac2b-f0d4867b9772,4,5708,2,2,1,3,52,2022-10-14 00:38:56.866072+00,0.9,pt,PE
723,5cb471dd-9a94-4d7f-bb52-7ca0407c3972,5,5708,2,2,1,5,2,2022-10-14 00:39:57.802065+00,0.9,pt,PE
724,3e2d4fba-ccf8-4b59-8639-2c7c45c40a82,4,5708,2,1,1,5,52,2022-10-14 00:40:33.134516+00,0.9,pt,PE
725,42b81bff-e5b2-4f8d-a389-9ab289035156,2,5708,2,2,1,3,2,2022-10-14 00:47:30.130316+00,0.9,pt,PE
726,cbdc3cb2-e957-47e2-9dfb-eaf3a70ddd76,3,5708,3,2,1,5,52,2022-10-14 01:04:46.222391+00,0.9,pt,PE
728,9f7d807a-ba11-4b4d-8a66-87c4edeb40a8,1,5708,2,1,1,6,51,2022-10-14 01:41:37.486231+00,0.9,pt,PE
730,cb95f6e7-6f99-496e-89ce-1f142b1ba4f0,2,5708,2,1,1,3,51,2022-10-14 01:46:45.594581+00,0.9,pt,PE
733,aa57daa2-a3ef-416a-8ba9-5facaca652f8,1,5708,2,2,1,5,52,2022-10-14 02:42:16.558222+00,0.9,pt,PE
734,a50f411f-7829-4f97-8815-1fe072e69d09,1,5708,2,2,1,5,52,2022-10-14 02:50:15.81452+00,0.9,pt,PE
736,938e2d8a-c710-4f2e-976c-d1374d162b15,1,5708,2,1,1,6,51,2022-10-14 05:05:17.809407+00,0.9,pt,PE
737,c61da286-99d6-429f-96d7-569d39786b8e,2,5708,2,2,1,5,51,2022-10-14 06:53:53.038436+00,0.9,pt,PE
740,add1bcab-7763-4cb4-9555-4dd6465b3723,1,5708,2,2,1,5,52,2022-10-14 08:21:57.020178+00,0.9,pt,PE
741,3fdc1f21-89ab-4fbd-ad0e-e7d6f1bbfd7e,3,5708,3,1,1,5,52,2022-10-14 09:51:22.972084+00,0.9,pt,PE
742,3fdc1f21-89ab-4fbd-ad0e-e7d6f1bbfd7e,3,5708,3,1,1,5,52,2022-10-14 09:51:24.182874+00,0.9,pt,PE
744,21988704-4f63-4c4e-baa1-9f7c0171c23e,3,5708,2,1,1,3,2,2022-10-14 10:37:22.955022+00,0.7,pt,PE
748,4e6bcfc2-3c31-4809-8399-98a0da410ba3,5,5708,3,2,1,3,52,2022-10-14 10:58:53.451564+00,0.9,pt,PE
749,6efbcfda-8e3c-4ad1-8992-3d717e64ec61,99,5708,3,2,1,3,2,2022-10-14 11:58:31.204773+00,0.9,pt,PE
754,ef7ad070-c0f1-4910-a0ac-ec8a154afe3b,5,5708,4,2,1,5,2,2022-10-14 14:02:01.616872+00,0.9,pt,PE
755,d0e40ad7-06ac-4c48-af86-7fa9442643a8,1,5708,2,1,1,3,51,2022-10-14 14:02:05.200183+00,0.9,pt,PE
756,d0e40ad7-06ac-4c48-af86-7fa9442643a8,1,5708,2,1,1,3,51,2022-10-14 14:02:05.770507+00,0.9,pt,PE
757,412d1a2f-8b0b-4bca-9b19-73bc92938413,99,5708,3,2,1,5,51,2022-10-14 15:30:27.874671+00,0.9,pt,PE
759,11244562-4678-4074-afbc-4ba70b51a942,99,5708,2,2,1,3,52,2022-10-14 19:02:57.846006+00,0.9,pt,PE
761,67c6d6fe-c5b0-42e4-b907-db20f0216a08,5,5708,2,1,1,5,52,2022-10-14 23:44:46.800572+00,0.9,pt,PE
774,a9e05bdf-b616-4ef2-947b-b4687728d3be,1,5708,3,1,1,5,51,2022-10-18 23:12:27.897973+00,0.9,pt,PE
778,1307fff8-9df2-4253-bfc3-28090c03b37d,2,5708,2,2,1,5,51,2022-10-19 22:56:46.840103+00,0.9,pt,PE
780,3b265b0d-4bb7-4716-80c9-90644a0c7443,4,5708,3,1,1,5,2,2022-10-20 02:10:09.863421+00,0.9,pt,PE
781,74fb2693-bd06-452e-a65e-5c0531bd3786,1,5708,3,1,1,6,52,2022-10-20 03:03:29.906737+00,0.9,pt,PE
782,31a9480f-a388-4d13-918c-92d0c5982295,99,5708,2,1,1,5,52,2022-10-20 12:59:18.904431+00,0.9,pt,PE
783,2a15d6f6-7392-4625-99a2-8708b8dcde13,99,5708,3,2,1,5,52,2022-10-20 17:45:08.046464+00,0.9,pt,PE
784,29648b59-4c4a-4d52-9428-393b131ed298,1,5708,4,2,1,5,51,2022-10-20 17:48:22.442362+00,0.9,pt,PE
785,d5af5c56-5af6-45f3-9182-c6e6231b22ba,1,5708,4,1,1,5,51,2022-10-20 17:53:00.599127+00,0.9,pt,PE
786,5d25c192-dcca-48b7-89c3-08be0b2a1f9a,99,5708,2,1,1,5,51,2022-10-20 17:53:15.454851+00,0.9,pt,PE
787,f6933091-b050-4d2a-a8fd-231b0c51cd61,2,5708,2,1,1,5,52,2022-10-20 17:57:44.208626+00,0.9,pt,PE
788,315a6b1b-271f-4c47-be80-dc7a32d28766,1,5708,2,2,1,5,2,2022-10-20 18:10:14.455873+00,0.9,pt,PE
790,6428ec2f-d4a2-47e0-bf83-6baa74896de5,1,5708,2,1,1,5,2,2022-10-21 04:11:59.606157+00,0.9,pt,PE
798,153a767f-6788-4b6e-82a0-9acb1290f1e3,2,5708,3,2,1,7,52,2022-10-24 10:23:04.410667+00,0.9,pt,PE
799,030b7184-640f-4e89-966e-51671d3071a1,2,5708,2,2,1,3,2,2022-10-24 17:24:18.522291+00,0.9,pt,PE
807,b7f12fe7-2fac-47f7-aac5-c6e6261da7b9,1,5708,4,2,1,5,2,2022-10-28 02:08:29.631425+00,0.9,pt,PE
808,16b70855-1021-4d40-a0c2-0bfdbfba982f,4,5708,1,2,1,3,52,2022-10-28 02:20:53.532725+00,0.9,pt,PE
809,0454d852-1947-4f70-a111-eab46b5f5489,5,5708,6,1,1,5,2,2022-10-28 04:07:51.459701+00,0.9,pt,PE
813,bf2f7cd5-86c1-42a2-874c-9a15e3b7e4f4,5,5708,2,2,1,6,52,2022-10-28 21:29:13.33452+00,0.9,pt,PE
814,59d198cb-1557-41a4-8157-f64f71339ae2,4,5708,2,2,1,5,2,2022-10-29 15:38:15.379546+00,0.9,pt,PE
815,9e84ce9f-b856-45a5-9c59-c672e9c95a04,2,5708,2,2,1,5,52,2022-10-29 15:39:23.585584+00,0.9,pt,PE
817,676e73b1-9501-4b74-878f-8838981054ee,2,5708,2,1,1,5,2,2022-10-29 17:18:11.832039+00,0.9,pt,PE
818,0968d482-a8d0-4bdb-8403-cdce609fe799,1,5708,2,1,1,5,2,2022-10-29 17:24:02.766837+00,0.9,pt,PE
819,14485e68-707f-435f-a8ee-5928679c142c,1,5708,2,1,1,3,52,2022-10-29 17:26:06.736101+00,0.9,pt,PE
820,c9998cd5-a4d2-4642-b4be-8dc225dbd384,2,5708,2,1,1,5,52,2022-10-29 17:26:11.204486+00,0.9,pt,PE
821,431e4f85-d231-4d90-9af0-98770da66991,2,5708,3,2,1,5,2,2022-10-29 17:37:12.313336+00,0.9,pt,PE
822,60dfed78-8300-44cd-a9ce-8867d3a5a14e,2,5708,2,2,1,5,52,2022-10-29 18:11:34.549453+00,0.9,pt,PE
823,486f1ab7-6576-4b61-99d8-603682175f80,1,5708,3,1,1,5,52,2022-10-29 19:01:22.896059+00,0.9,pt,PE
824,ed2a83c3-7158-4673-9ff5-3ecff9aad3fd,2,5708,2,2,1,5,52,2022-10-29 20:13:38.726517+00,0.9,pt,PE
825,7aefb54b-eacc-49f4-b865-f7de3e06887c,2,5708,3,1,1,5,52,2022-10-29 20:41:40.510347+00,0.9,pt,PE
826,8c396f4a-5c9c-4a0a-bd0c-f9d172c85a69,1,5708,2,1,1,6,2,2022-10-29 23:14:28.031005+00,0.9,pt,PE
827,fab9c152-dcc1-47ca-84fc-76b9daa2584e,4,5708,2,2,1,6,2,2022-10-30 00:49:38.450239+00,0.9,pt,PE
829,9b1a6010-1928-4ead-acd6-479b2f714318,2,5708,1,1,1,3,52,2022-10-30 03:21:31.729006+00,0.9,pt,PE
830,5c561055-37c7-44c6-b6d1-28ca4c251438,99,5708,2,1,1,3,51,2022-10-30 04:05:45.468402+00,0.9,pt,PE
831,dad83bf9-6781-46f2-a1d0-ba957eb4959a,2,5708,2,1,1,5,2,2022-10-30 09:44:27.079805+00,0.9,pt,PE
833,120e8152-35e4-4511-99ed-27fec244666f,4,5708,1,2,1,3,51,2022-10-30 11:48:00.522911+00,0.9,pt,PE
7,889e2a48-dbfc-4dd9-838a-8f7cafd9b135,3,2213,6,2,1,3,2,2022-09-27 14:19:26.258407+00,0.9,pt,GO
304,06901ced-9de6-4de1-aa43-8c61467cbb3f,4,2213,3,2,1,3,52,2022-09-29 10:31:49.802152+00,0.9,pt,GO
805,9f63ce9c-c8e6-42f0-a5e8-6f23f9700896,5,2213,4,2,2,1,51,2022-10-26 22:02:14.250554+00,0.9,pt,GO
10,0c07336b-0cbc-463c-ad41-044898588eb8,2,2191,2,1,1,7,2,2022-09-27 19:48:38.798713+00,0.9,pt,SC
13,20f3a9c7-2d4d-47d5-a398-1d9ab49b3c7f,2,2191,2,1,1,7,52,2022-09-27 20:40:19.90939+00,0.9,pt,SC
120,6df0fa88-131b-4591-889b-464d918be7d8,1,2191,3,1,1,5,52,2022-09-28 13:51:38.503197+00,0.9,pt,SC
204,1d5582d7-4080-4eff-b62e-55ceb1f4e89c,1,2191,4,1,1,6,51,2022-09-28 18:05:22.508294+00,0.7,pt,SC
451,a187ad41-84c4-44ae-874f-eda9b2a6ad50,1,2191,3,2,1,5,2,2022-09-30 08:32:44.247893+00,0.9,pt,SC
562,dab73e03-3100-4e29-ac57-4b3db62d1f46,99,2191,3,1,1,5,2,2022-10-01 09:28:32.324468+00,0.9,pt,SC
583,adac3794-d0c1-4303-ab1b-aa79aec47a0b,1,2191,2,98,1,5,51,2022-10-01 19:24:44.011566+00,0.9,pt,SC
607,34201b92-8143-45a8-83c3-9d659c50872d,4,2191,2,2,1,3,2,2022-10-02 21:21:22.456757+00,0.9,pt,SC
619,e05d2640-680d-4ea2-8aa0-0475ec6c4ce7,5,2191,3,2,1,5,2,2022-10-05 13:58:58.347517+00,0.9,pt,SC
673,33e5922c-9a3b-4a1c-9087-ab52023042f4,2,2191,3,2,1,7,52,2022-10-10 22:26:31.32536+00,0.9,pt,SC
762,9761e8b8-48d9-4f43-bea9-c6e3dde678e2,2,2191,3,2,1,3,2,2022-10-15 13:46:27.915352+00,0.9,pt,SC
11,4456c737-3216-4d01-b258-bdba99206678,4,1784,3,2,1,5,2,2022-09-27 19:58:50.001956+00,0.9,pt,SC
638,3dea59f0-3aea-471a-804d-34879caf2044,2,1784,4,2,1,6,52,2022-10-06 22:23:07.759498+00,0.9,pt,SC
639,059c5303-2314-4afb-b1ba-e6100aaa7dfe,1,1784,3,1,1,5,52,2022-10-06 22:55:14.93031+00,0.9,pt,SC
642,73da437f-2fa0-4317-96e1-68d495e1c6d6,4,1784,1,1,1,3,51,2022-10-06 23:21:41.635294+00,0.9,pt,SC
646,88cfe554-3987-473f-ac25-9b2614dce30f,1,1784,2,2,1,3,2,2022-10-07 16:59:39.962321+00,0.9,pt,SC
647,88cfe554-3987-473f-ac25-9b2614dce30f,1,1784,2,2,1,3,2,2022-10-07 16:59:39.969601+00,0.9,pt,SC
648,8d039291-16f2-4a0f-bb4e-0454ead6c4b7,1,1784,2,2,1,3,2,2022-10-07 17:02:00.585357+00,0.9,pt,SC
12,e0e3d32d-7fcf-4382-bd62-60085d7e989f,1,1875,2,1,1,5,2,2022-09-27 20:19:07.169352+00,0.9,pt,SC
14,6a1efbac-5ec3-41cb-a4b0-f138bfcfddbc,3,1999,3,2,1,6,52,2022-09-27 20:41:48.708255+00,0.9,pt,SC
194,d3b07406-ebbe-4c86-bd76-ee3ba4462b3c,99,1999,2,2,1,5,2,2022-09-28 17:39:50.74119+00,0.9,pt,SC
15,66ea37d5-33a0-4cd9-900e-9e0af86aa792,99,1431,5,1,1,5,2,2022-09-27 20:47:32.981208+00,0.9,pt,SC
53,803c19dd-e948-46e2-9616-b12b34f6d84a,99,1431,5,1,99,5,2,2022-09-28 01:18:23.89176+00,0.9,pt,SC
30,2a0338d6-76ef-4b8a-935e-7ae254b25155,5,5696,2,2,1,5,51,2022-09-28 00:02:10.456188+00,0.9,pt,PE
51,25573b00-0464-461f-a06a-44deaca096fc,5,5696,4,2,1,5,52,2022-09-28 00:09:32.607854+00,0.9,pt,PE
61,3b715542-5308-4717-97ce-af3331886a59,99,5696,3,1,99,6,2,2022-09-28 09:03:54.094743+00,0.9,pt,PE
68,71ef4200-887e-4d54-b592-3cad946ac0c4,2,5696,2,2,1,3,2,2022-09-28 09:31:30.347712+00,0.9,pt,PE
146,75b37237-865f-4eca-b446-8825c059f70e,1,5696,3,1,1,5,51,2022-09-28 14:47:57.250638+00,0.9,pt,PE
209,49c905cb-f457-40e8-8fa0-265491e07685,2,5696,1,1,1,3,51,2022-09-28 18:19:35.569202+00,0.9,pt,PE
210,c94e4102-b0b9-4381-aa63-b0be8fc4838c,2,5696,2,1,1,6,52,2022-09-28 18:25:42.513167+00,0.9,pt,PE
268,b86abad2-1f36-4234-9c34-abfb1471a7f2,5,5696,5,1,1,6,2,2022-09-28 23:59:57.786598+00,0.9,pt,PE
406,ecc74550-4563-4738-96cc-0c217d09b215,99,5696,6,1,1,3,52,2022-09-29 22:36:05.329093+00,0.9,pt,PE
454,795ec8f8-598b-42d7-8623-2ceacf48a5a8,1,5696,3,1,1,5,52,2022-09-30 10:31:38.531604+00,0.9,pt,PE
463,8da30849-0f6a-4d73-beae-8bf695e20063,2,5696,3,2,1,5,51,2022-09-30 13:44:08.092844+00,0.9,pt,PE
567,bd4a57cb-9da4-4dd3-bc3f-1effbcdfde20,99,5696,4,2,1,7,52,2022-10-01 11:13:34.32375+00,0.9,pt,PE
635,7c666599-6e5c-40f2-9380-d9bd6eeb7aac,99,5696,3,2,1,5,2,2022-10-06 20:10:25.004723+00,0.9,pt,PE
714,817ab12f-80d3-4768-8cbd-7b80a34708c3,4,5696,4,1,1,3,51,2022-10-13 20:18:53.561539+00,0.9,pt,PE
717,a2e33b92-07c6-4844-a614-cdd94c403b77,99,5696,2,2,1,5,2,2022-10-14 00:19:25.977667+00,0.9,pt,PE
751,d6ce33f9-2b43-4bc4-b1b0-fab0e66e3ded,1,5696,3,2,1,5,52,2022-10-14 12:28:25.98299+00,0.9,pt,PE
777,f3a1e988-c0f4-4508-8872-0b2860ac6c27,2,5696,2,2,1,3,52,2022-10-19 22:52:34.915361+00,0.9,pt,PE
46,41053c2b-00e5-4da2-9857-22ec23b22132,3,5679,2,2,1,3,52,2022-09-28 00:04:26.186967+00,0.9,pt,PE
47,c43dca63-9bcf-4789-b2b8-567e2f311dd8,3,5679,3,1,1,3,51,2022-09-28 00:04:31.769508+00,0.9,pt,PE
600,75a4ae89-c3fa-4ea8-801c-60a0d70b4e87,1,5679,2,1,1,3,52,2022-10-02 16:06:20.236646+00,0.9,pt,PE
54,7a53b899-9a79-48a7-bf63-8d5551dd7b1f,4,5710,2,2,1,3,51,2022-09-28 02:39:40.608837+00,0.9,pt,PE
72,0e13a7d1-fb15-404a-b9fa-792a4fe4f64f,2,5710,1,1,1,3,51,2022-09-28 09:52:13.498795+00,0.9,pt,PE
259,32b68f5c-d711-4f00-82ec-021d7a7799f1,2,5710,2,1,1,6,2,2022-09-28 23:53:44.845853+00,0.9,pt,PE
274,0b596874-43c1-4a4d-ae79-d40b2355c52d,1,5710,3,2,1,5,51,2022-09-29 00:52:46.520375+00,0.9,pt,PE
410,eee4406d-19cc-46cf-9c0f-ae2095d5ffb0,1,5710,3,2,1,3,52,2022-09-29 23:29:45.194306+00,0.9,pt,PE
491,3a7e005d-af96-4336-b68f-71d5a514c620,1,5710,2,2,1,3,51,2022-09-30 18:52:23.25574+00,0.9,pt,PE
570,6cb0efbe-5da9-4be5-a7ef-2b17001a6139,99,5710,4,2,1,6,52,2022-10-01 12:02:10.806386+00,0.9,pt,PE
800,1db47087-1020-4529-a029-fc726ed2e96a,2,5710,3,2,1,3,2,2022-10-24 17:26:07.25625+00,0.9,pt,PE
55,2d50538a-a708-4d37-af6b-02e9f0d0c5cc,2,5625,4,2,1,5,52,2022-09-28 07:21:47.934014+00,0.9,pt,PE
145,07d970df-8e92-4dff-b0bb-f28212e2dd76,99,5625,2,2,1,6,52,2022-09-28 14:42:07.007207+00,0.9,pt,PE
380,cfb30148-ba72-4974-96ab-a3a66de2902e,99,5625,2,2,1,5,2,2022-09-29 16:21:54.296196+00,0.9,pt,PE
64,cf94972e-e1bd-4787-9c11-87d208ada9d7,2,0,3,2,1,6,51,2022-09-28 09:19:58.726686+00,0.9,pt,AC
65,8deea855-f05b-4560-87b8-62a7e56ba779,1,0,4,1,1,5,2,2022-09-28 09:30:07.931164+00,0.9,pt,AC
74,549d2eb8-492c-4522-a01a-d0ca76cf21f2,99,0,3,2,1,7,51,2022-09-28 10:00:59.852532+00,0.9,pt,AC
107,e5199f23-9bee-4581-8f8a-4eb907bccca4,1,0,2,2,99,7,2,2022-09-28 13:25:42.753983+00,0.9,pt,AC
113,74e0d267-4ae6-4e83-81db-22f072400438,2,0,2,2,1,7,2,2022-09-28 13:41:19.270592+00,0.9,en,AC
128,5ef7a9f5-6b32-47cb-bc8d-638e80aabc53,3,0,4,2,1,7,2,2022-09-28 14:11:27.545022+00,0.9,pt,AC
148,9493c658-96a9-4606-b31c-2b1119737074,99,0,3,2,1,5,52,2022-09-28 15:02:36.897888+00,0.9,pt,AC
156,779ce496-cd0a-40b2-9b87-9a5d713b5eef,3,0,2,2,1,3,2,2022-09-28 15:21:31.973329+00,0.9,en,AC
200,4406e068-c147-4215-bbdc-07c17298f415,3,0,2,1,1,6,51,2022-09-28 17:57:28.524677+00,0.9,es,AC
215,4cc872a2-6dea-4390-a38a-a4e00646fb49,5,0,3,2,1,5,52,2022-09-28 18:54:59.412361+00,0.9,pt,AC
279,d144fbdd-f38b-40b9-a60a-a6e9d7c31cae,2,0,3,2,99,7,52,2022-09-29 02:26:05.562426+00,0.9,pt,AC
284,a286ee84-95e3-4113-bce5-1ccf7313f41f,99,0,99,99,99,6,52,2022-09-29 04:21:36.386292+00,0.9,pt,AC
288,5330bcbd-e19b-4896-aac1-1037b7b936e4,99,0,4,1,1,7,2,2022-09-29 05:38:50.717207+00,0.9,pt,AC
289,2242c99a-6fea-4512-a37d-9db61c71dcc4,2,0,5,2,1,5,52,2022-09-29 08:25:51.484473+00,0.9,pt,AC
377,4f272553-71ed-408e-8be4-69b2f6496c58,2,0,5,1,99,5,51,2022-09-29 16:07:43.540567+00,0.9,pt,AC
392,aeaea109-1a5a-45bc-a998-422525b14888,3,0,3,2,1,4,52,2022-09-29 18:11:49.305625+00,0.9,en,AC
409,972e48cf-bbb9-4a37-843e-96b1b1a6c55e,2,0,3,2,1,5,51,2022-09-29 23:15:51.065456+00,0.9,pt,AC
427,039e21f6-b475-4880-98fd-d998e401a3f8,2,0,2,2,1,6,2,2022-09-30 01:31:32.838504+00,0.9,pt,AC
432,fe8ee69a-b37b-4e1b-be58-9391d29f0727,99,0,5,2,1,3,52,2022-09-30 02:11:57.108669+00,0.9,pt,AC
437,6f12da0b-18ed-4646-a39f-9dfcdb929f31,99,0,1,2,1,2,51,2022-09-30 02:24:02.505187+00,0.9,pt,AC
595,642aa101-76e3-4695-b77b-418cd185377b,2,0,3,99,99,5,52,2022-10-02 13:18:07.61983+00,0.9,en,AC
605,e4302bc3-4592-4ce5-bc64-4bb9b81ec7ff,3,0,4,2,1,5,2,2022-10-02 20:27:39.673913+00,0.9,en,AC
627,0795ecd3-c623-464d-be92-f969664a6e11,2,0,2,99,1,3,2,2022-10-06 14:29:56.008165+00,0.9,pt,AC
683,927bc482-9dbd-4bf9-bbc2-a854e6990a4e,2,0,4,2,1,7,2,2022-10-11 09:54:40.291652+00,0.9,pt,AC
769,41978b93-a6a2-45d1-a3ff-1c3cb2ca7693,1,0,2,1,1,99,2,2022-10-17 00:20:12.020942+00,0.9,pt,AC
802,fcfab357-c5c6-43d3-b70a-2844c0454c63,1,0,4,1,1,7,51,2022-10-25 10:39:44.818034+00,0.9,pt,AC
834,018045aa-4f5d-4180-8dc2-be1380fb584b,99,0,4,2,1,7,2,2022-11-22 13:57:55.952898+00,0.9,en,AC
66,d3281954-b850-4a1f-9918-815f6f6bfb08,5,334,6,1,1,3,52,2022-09-28 09:31:20.636414+00,0.9,pt,MS
67,d3281954-b850-4a1f-9918-815f6f6bfb08,5,334,6,1,1,3,52,2022-09-28 09:31:22.204204+00,0.3,pt,MS
395,815a383d-f0f6-4037-9ef1-5c8976df8b84,3,334,6,2,1,99,51,2022-09-29 20:06:54.320851+00,0.9,pt,MS
650,11d8d8cb-7483-4e42-8b56-b12867b02998,5,334,1,2,1,3,2,2022-10-08 13:37:41.614681+00,0.9,pt,MS
70,7fe0afb9-be86-4ffa-b80d-96ac05addd05,2,5350,4,2,1,6,51,2022-09-28 09:45:14.603268+00,0.9,pt,PE
71,7fe0afb9-be86-4ffa-b80d-96ac05addd05,2,5350,4,2,1,6,51,2022-09-28 09:45:15.163491+00,0.9,pt,PE
78,067e2b57-efe1-41f5-8f61-24d310c1e715,1,5717,5,1,1,7,52,2022-09-28 10:40:56.671097+00,0.9,pt,PE
79,067e2b57-efe1-41f5-8f61-24d310c1e715,1,5717,5,1,1,7,52,2022-09-28 10:40:58.396397+00,0.9,pt,PE
137,42bbd39a-a010-4dda-87c0-537bbab9ed35,1,5717,2,2,1,5,2,2022-09-28 14:28:37.888935+00,0.9,pt,PE
141,477da107-c8ac-403f-bc5a-939f6cdb0e32,1,5717,2,2,1,5,51,2022-09-28 14:36:42.305848+00,0.9,pt,PE
334,854a7a84-4fdf-4432-a57e-e411165fb78f,2,5717,3,2,1,5,52,2022-09-29 12:32:17.339635+00,0.9,pt,PE
379,87297830-9dea-4d9c-bf47-2a632ae6d223,3,5717,2,1,1,5,52,2022-09-29 16:18:19.305432+00,0.9,pt,PE
455,6045f852-a291-43b9-9700-0574d5510a05,1,5717,3,2,1,6,2,2022-09-30 12:25:47.622341+00,0.9,pt,PE
456,6045f852-a291-43b9-9700-0574d5510a05,1,5717,3,2,1,6,2,2022-09-30 12:25:48.859802+00,0.9,pt,PE
498,ed56a226-d416-417a-b445-8c7018be5222,2,5717,3,2,1,6,2,2022-09-30 21:25:25.444257+00,0.9,pt,PE
554,4bb1200a-17b1-4aad-809e-7b26c96a895a,1,5717,2,2,1,3,51,2022-10-01 01:37:49.790698+00,0.9,pt,PE
576,cf549e90-fcf1-41d1-8d23-c61eceb02822,2,5717,4,1,1,6,2,2022-10-01 17:12:50.321127+00,0.9,pt,PE
586,949966dc-ada7-403d-b072-77679d859452,1,5717,2,1,1,5,52,2022-10-01 21:46:11.408995+00,0.9,pt,PE
613,e600bf3b-d423-4bb4-b7d1-b4698ab0b598,1,5717,2,1,1,3,52,2022-10-04 08:14:25.136051+00,0.9,pt,PE
614,e600bf3b-d423-4bb4-b7d1-b4698ab0b598,1,5717,2,1,1,3,52,2022-10-04 08:14:25.550756+00,0.9,pt,PE
747,e8245f06-30c2-4bc2-8ff4-4659b77e5785,1,5717,1,1,1,3,52,2022-10-14 10:56:02.321563+00,0.9,pt,PE
81,d98bc431-ad8b-477a-af18-d29c92d04417,5,4951,2,2,1,6,51,2022-09-28 11:00:28.66796+00,0.9,pt,PE
83,2b42b727-c272-492f-b6af-268214219323,5,5714,3,1,1,5,52,2022-09-28 11:11:01.038369+00,0.9,pt,PB
84,2b42b727-c272-492f-b6af-268214219323,5,5714,3,1,1,5,52,2022-09-28 11:11:01.600398+00,0.9,pt,PB
150,81339b57-7863-4f7d-9607-587cf35bdc57,5,5714,2,2,1,5,2,2022-09-28 15:06:21.367801+00,0.9,pt,PB
401,ecbd5fa0-ba3c-49bf-8223-5241209e4af9,99,5714,5,1,1,5,52,2022-09-29 21:08:52.618518+00,0.9,pt,PB
557,364f161a-da52-47f1-8d60-30714357a1f8,2,5714,2,1,1,5,52,2022-10-01 03:01:02.919711+00,0.9,pt,PB
585,e73c0058-6a3a-4b70-a31a-fbb84618f988,5,5714,4,1,1,5,2,2022-10-01 20:35:34.786288+00,0.9,pt,PB
93,7a3287d3-ef5f-4da5-9937-3e0f758bd44a,4,5503,3,2,1,7,52,2022-09-28 11:49:32.004597+00,0.9,pt,AL
181,0819aea0-90fb-443c-8b25-4f670a87aa7e,2,5503,3,2,1,7,2,2022-09-28 16:36:16.831247+00,0.9,pt,AL
490,5e68c038-2fda-4500-9391-c6e35e036184,4,5503,3,2,1,7,2,2022-09-30 18:48:34.841236+00,0.9,pt,AL
828,b0273a73-2d2b-4e0a-912e-816352bf67a3,1,5503,2,1,1,3,52,2022-10-30 02:26:14.578138+00,0.9,pt,AL
96,144f0094-d2f6-433e-8ab5-b529b3ca4818,2,3878,3,1,1,7,52,2022-09-28 12:12:49.818098+00,0.9,pt,BA
103,58724dda-dec6-4034-b10c-113c96eec622,2,3516,2,1,1,5,2,2022-09-28 13:22:59.249957+00,0.9,pt,RJ
114,d2919083-4d53-450c-a66f-21867dc138fc,2,3516,2,2,1,6,52,2022-09-28 13:43:56.153145+00,0.9,pt,RJ
118,17777915-149f-49a8-b7ef-a93dd3b77b3d,1,3516,2,2,1,6,52,2022-09-28 13:48:05.773131+00,0.9,pt,RJ
121,30d3bd33-6052-4e7c-801c-1e0f90e45f47,4,3516,4,1,1,6,2,2022-09-28 13:53:48.331736+00,0.9,pt,RJ
123,f7890393-a90f-4dda-b5a5-cde756ba4b49,2,3516,2,2,1,6,52,2022-09-28 13:57:13.047591+00,0.9,pt,RJ
126,b69ff475-8c2b-4f46-824f-7e2710160ed7,2,3516,3,2,1,7,52,2022-09-28 14:06:42.781613+00,0.9,pt,RJ
186,c8c2c6ab-f7ff-4a6d-9b9c-0b6655627cd3,1,3516,6,1,1,7,51,2022-09-28 17:04:59.951917+00,0.9,pt,RJ
187,c8c2c6ab-f7ff-4a6d-9b9c-0b6655627cd3,1,3516,6,1,1,7,51,2022-09-28 17:05:01.466613+00,0.9,pt,RJ
201,5792ed79-10d0-4da0-8b5a-74471d78cbfd,2,3516,5,2,1,7,52,2022-09-28 17:58:18.280497+00,0.9,en,RJ
213,40324156-fa7a-439b-8e19-e5351ea6369e,1,3516,5,1,1,7,2,2022-09-28 18:41:17.832179+00,0.9,pt,RJ
219,e6f9ba37-20cb-4026-9e7c-fcafaa6124ee,2,3516,6,1,1,6,52,2022-09-28 19:38:40.200152+00,0.9,pt,RJ
297,e8e83ce9-7720-4d00-9d3c-bd97bd9b0e12,2,3516,1,2,1,99,52,2022-09-29 09:20:03.540374+00,0.9,pt,RJ
298,e8e83ce9-7720-4d00-9d3c-bd97bd9b0e12,2,3516,1,2,1,99,52,2022-09-29 09:20:04.257317+00,0.9,pt,RJ
397,d5c530b2-353f-4ef2-9350-b4056d0937b5,1,3516,3,2,1,5,52,2022-09-29 20:18:59.896574+00,0.9,pt,RJ
398,7af9572d-5874-455c-afa6-b45713fe0560,99,3516,3,2,1,5,2,2022-09-29 20:30:47.67804+00,0.9,pt,RJ
435,20b8ff13-4a38-4509-9237-417d643972a4,99,3516,3,2,1,5,2,2022-09-30 02:20:20.91651+00,0.9,pt,RJ
436,20b8ff13-4a38-4509-9237-417d643972a4,99,3516,3,2,1,5,2,2022-09-30 02:20:20.927841+00,0.9,pt,RJ
469,842b1aa8-2cf5-4df5-98f4-2dd4354f31f5,1,3516,4,2,1,6,51,2022-09-30 14:16:53.334803+00,0.9,pt,RJ
499,9e17345d-1a76-49f0-a367-274d3ca2b9e4,4,3516,4,1,1,5,2,2022-09-30 21:52:09.510936+00,0.9,pt,RJ
501,be6188f6-55a1-447d-b712-1a2ee20060ea,1,3516,3,1,1,5,52,2022-09-30 22:45:15.947571+00,0.9,pt,RJ
502,6a02026f-2d21-43a5-836a-68ae322414c5,3,3516,5,1,1,6,52,2022-09-30 22:46:23.720526+00,0.9,pt,RJ
503,ded0598b-39bf-4ec2-8e9c-b69bfeb50918,1,3516,4,1,1,5,2,2022-09-30 22:46:42.177986+00,0.9,pt,RJ
504,3184ffc0-eb43-4cf8-91df-71d2595ce99b,99,3516,3,1,1,5,52,2022-09-30 22:47:27.043706+00,0.9,pt,RJ
505,e85e0353-f55e-4393-82e3-6d2e0581431c,5,3516,2,2,1,5,52,2022-09-30 22:47:42.869485+00,0.9,pt,RJ
506,e85e0353-f55e-4393-82e3-6d2e0581431c,5,3516,2,2,1,5,52,2022-09-30 22:47:47.550181+00,0.9,pt,RJ
507,e85e0353-f55e-4393-82e3-6d2e0581431c,5,3516,2,2,1,5,52,2022-09-30 22:47:47.556658+00,0.9,pt,RJ
508,e85e0353-f55e-4393-82e3-6d2e0581431c,5,3516,2,2,1,5,52,2022-09-30 22:47:47.728684+00,0.9,pt,RJ
509,f8f12a34-6a80-4a59-b49e-8dba4fe1e44b,1,3516,2,1,1,3,2,2022-09-30 22:48:36.890346+00,0.9,pt,RJ
510,f8f12a34-6a80-4a59-b49e-8dba4fe1e44b,1,3516,2,1,1,3,2,2022-09-30 22:48:37.452405+00,0.9,pt,RJ
516,0f3bd122-2f67-40e0-92cd-bb49ec0ca10f,3,3516,2,1,1,3,51,2022-09-30 22:49:49.976172+00,0.9,pt,RJ
517,0f3bd122-2f67-40e0-92cd-bb49ec0ca10f,3,3516,2,1,1,3,51,2022-09-30 22:49:51.394078+00,0.9,pt,RJ
518,b01bbfd6-4f8b-4ebe-bacc-8bd3c2cc174b,1,3516,2,1,1,5,52,2022-09-30 22:50:34.791712+00,0.9,pt,RJ
519,a6a92d1a-3ece-4000-9174-557450ffc3e0,5,3516,5,2,1,6,52,2022-09-30 22:50:51.605361+00,0.9,pt,RJ
523,c6cebf5e-159a-45b1-b171-5b4ea0d55fc0,99,3516,4,2,1,5,52,2022-09-30 23:00:32.01835+00,0.9,pt,RJ
524,56029b10-93eb-46c4-9a43-b7a415cdc9b6,4,3516,2,1,1,5,2,2022-09-30 23:02:03.512212+00,0.9,pt,RJ
525,2f2d19ec-9489-4186-ac9d-c956f7c81b7b,3,3516,4,1,1,5,52,2022-09-30 23:02:05.864565+00,0.9,pt,RJ
526,c50c17a8-d2c7-4268-8ed5-d3aaef56750c,99,3516,4,1,1,3,52,2022-09-30 23:02:24.55464+00,0.9,pt,RJ
527,15c8ef27-cdd2-4f28-90b8-7ace310bc9da,99,3516,2,1,1,5,52,2022-09-30 23:03:02.369489+00,0.9,pt,RJ
528,edbb9daa-7775-4a86-b7c6-065dfb9ed0be,99,3516,4,1,1,5,2,2022-09-30 23:03:11.497887+00,0.9,pt,RJ
529,0e361232-547a-48eb-86fa-cc6888c0b0f2,1,3516,2,1,1,3,2,2022-09-30 23:03:44.545216+00,0.9,pt,RJ
530,8fad86c4-ab32-4caf-a966-d411b0582189,1,3516,3,1,1,5,2,2022-09-30 23:04:37.612209+00,0.9,pt,RJ
531,a56e7b83-b621-40bf-bb44-316566791e39,1,3516,4,1,1,5,52,2022-09-30 23:04:48.918174+00,0.9,pt,RJ
532,c7e769fd-ad68-43b8-bd37-b487829ae5af,1,3516,2,1,1,3,51,2022-09-30 23:06:27.676066+00,0.9,pt,RJ
533,61de77de-ab14-4816-a2eb-fd2dc33a3850,5,3516,2,1,1,3,2,2022-09-30 23:06:33.239827+00,0.9,pt,RJ
534,1f318888-723a-4c1c-9395-dc7e8506504b,5,3516,2,2,1,3,52,2022-09-30 23:07:08.569927+00,0.9,pt,RJ
535,1c1bb864-71fc-4d57-ac43-eff287a5dd03,99,3516,2,2,1,3,51,2022-09-30 23:08:42.957243+00,0.9,pt,RJ
536,3eb342fe-9573-4c56-8747-eaca0a7c179f,1,3516,3,1,1,3,52,2022-09-30 23:09:00.132768+00,0.9,pt,RJ
537,f9e9eaa4-a7be-4a92-bdbf-4ba27633e849,3,3516,4,1,1,5,51,2022-09-30 23:09:12.519168+00,0.9,pt,RJ
538,bdb9d298-5309-4493-be42-4407a7b9ce15,3,3516,4,1,1,5,52,2022-09-30 23:09:32.19285+00,0.9,pt,RJ
540,94005745-f341-4be0-ae08-c41b50f2ff70,5,3516,4,2,1,5,51,2022-09-30 23:11:35.225692+00,0.9,pt,RJ
542,5fd599f7-9a21-4a6e-ae06-73b4bfc75a1b,5,3516,2,2,1,3,2,2022-09-30 23:18:26.355375+00,0.7,pt,RJ
543,12c1f55c-56bb-477e-a980-8ec298befd1c,5,3516,2,2,1,3,51,2022-09-30 23:26:15.594315+00,0.9,pt,RJ
545,283f6b34-e03f-43b7-ad7b-3059f1853660,99,3516,2,1,1,5,52,2022-09-30 23:27:39.789204+00,0.9,pt,RJ
546,d7d3d826-6158-4bc6-8500-3988dba8d1b1,1,3516,4,2,1,5,2,2022-09-30 23:37:33.382226+00,0.9,pt,RJ
548,24067c4e-04f9-4701-95bd-a161ea42dfbd,1,3516,2,1,1,3,2,2022-10-01 00:20:16.705375+00,0.9,pt,RJ
552,a7638ac2-4242-4830-aaa9-3c0b55f94536,1,3516,3,2,1,5,52,2022-10-01 01:25:38.783341+00,0.9,pt,RJ
568,bc078a08-4db3-4167-9115-ed618c010518,1,3516,3,1,1,3,2,2022-10-01 11:45:25.999622+00,0.9,pt,RJ
569,3db0cd81-af1d-4524-ba01-484f53e1651b,2,3516,3,2,1,3,51,2022-10-01 11:53:51.409464+00,0.9,pt,RJ
598,b3d2b7ec-74b0-4302-a6a3-fe18654785f0,99,3516,2,1,1,5,52,2022-10-02 14:49:24.816908+00,0.9,pt,RJ
631,e7021312-a3e1-4717-a499-7d951282f9a3,3,3516,3,2,1,7,2,2022-10-06 15:49:26.798567+00,0.9,pt,RJ
664,554ae31b-1743-4e25-80eb-7abf981f86d9,2,3516,4,2,99,6,51,2022-10-10 19:45:15.517382+00,0.9,pt,RJ
767,58000661-e4bc-47a6-9c5e-551d600d5baa,2,3516,2,2,1,3,51,2022-10-17 00:01:15.945143+00,0.9,pt,RJ
768,9e79e7da-3711-4e5c-b25f-2b5cb4e88a9b,1,3516,2,2,1,5,2,2022-10-17 00:06:42.606446+00,0.9,pt,RJ
773,13ccab9f-623c-4c0a-b17a-ef2fb40c6413,5,3516,3,1,1,7,52,2022-10-18 17:58:12.177945+00,0.9,pt,RJ
105,4aed80f2-682c-48ca-bac0-22fe297b26f3,3,2699,2,2,1,5,51,2022-09-28 13:24:21.030167+00,0.9,pt,SP
132,e5f26367-6958-4156-b20d-49889ff7e8f7,5,2699,3,1,1,3,2,2022-09-28 14:18:11.476273+00,0.9,pt,SP
157,9f9676df-727f-4da2-876a-eb084490ef35,1,2699,5,1,1,6,52,2022-09-28 15:24:07.818335+00,0.9,pt,SP
206,5515bb82-e885-4837-ac1d-efd128c60959,1,2699,3,2,1,5,52,2022-09-28 18:15:05.185379+00,0.9,pt,SP
220,3d9e74ca-538a-44f3-9471-21355bd27228,1,2699,3,2,1,5,52,2022-09-28 19:50:44.910202+00,0.9,pt,SP
293,fc93d9c9-1b89-4202-a32a-ef67295c1fd8,1,2699,3,1,1,5,51,2022-09-29 09:12:35.46224+00,0.7,pt,SP
296,93bd710d-5406-464d-a6ec-afef90b28131,5,2699,1,2,1,4,51,2022-09-29 09:17:35.167382+00,0.9,pt,SP
318,a9ffc8a9-f679-4436-96be-8fe63f559f76,1,2699,2,2,1,5,52,2022-09-29 11:50:24.538154+00,0.7,pt,SP
343,93220dc6-37e0-4e96-8686-4e607e31826c,1,2699,3,1,1,7,52,2022-09-29 13:10:20.708628+00,0.9,pt,SP
348,6661a212-bca8-48ab-a0ec-65905d17f032,1,2699,3,1,1,6,51,2022-09-29 13:25:26.999555+00,0.9,pt,SP
364,8020638b-dc26-490b-a6da-cbd61c2e8045,2,2699,3,1,1,5,51,2022-09-29 15:30:10.625723+00,0.9,pt,SP
365,8020638b-dc26-490b-a6da-cbd61c2e8045,2,2699,3,1,1,5,51,2022-09-29 15:30:10.624908+00,0.9,pt,SP
394,309a44ed-0030-4619-a15b-ccbc0b037a3f,2,2699,5,2,1,6,52,2022-09-29 19:15:51.136085+00,0.9,pt,SP
402,c08a6e0a-2ab8-4d33-962a-846464b9b2e4,2,2699,3,2,1,7,52,2022-09-29 21:16:02.245338+00,0.9,pt,SP
433,c8d241b5-c0e3-4ac8-9ebc-6f17faab5646,1,2699,2,2,1,2,2,2022-09-30 02:17:38.878103+00,0.9,pt,SP
462,f7b5b6bd-f947-4240-ad06-9c69e3abbab0,1,2699,3,1,1,3,51,2022-09-30 13:43:22.290497+00,0.9,pt,SP
479,2ef328c3-ef0c-4914-887d-69ab20f66fd1,2,2699,3,1,1,5,51,2022-09-30 16:17:41.023742+00,0.9,pt,SP
589,8fc15d8f-bfe0-4fd2-bb2c-b599d6347db6,1,2699,2,1,1,5,51,2022-10-01 22:50:45.809296+00,0.9,pt,SP
593,5f8fcfe4-2dd3-4251-bab4-744d7daeffde,1,2699,2,1,1,6,51,2022-10-02 00:30:57.050987+00,0.9,pt,SP
594,25fc1999-ccac-4add-9709-f73f57dc5a27,3,2699,6,2,1,7,51,2022-10-02 01:38:23.074361+00,0.9,pt,SP
626,717718e2-c810-4690-9107-c5b4957a9886,2,2699,3,2,1,6,52,2022-10-06 14:23:31.885392+00,0.9,pt,SP
629,e7808896-483b-435a-827d-db1db882328c,2,2699,3,2,1,5,2,2022-10-06 14:57:15.324343+00,0.9,pt,SP
637,581d6e15-acc1-4cf4-8e3a-d202ef669f4e,2,2699,2,2,1,6,51,2022-10-06 22:03:07.195143+00,0.9,pt,SP
659,8d8f0eca-a194-4728-84e1-8f176d2af3df,1,2699,4,2,1,7,2,2022-10-10 19:25:09.314213+00,0.9,pt,SP
674,5a22776f-dee8-41ad-824f-c21cdf6b6dbb,3,2699,3,2,1,7,51,2022-10-10 22:30:42.236147+00,0.9,pt,SP
675,5a22776f-dee8-41ad-824f-c21cdf6b6dbb,3,2699,3,2,1,7,51,2022-10-10 22:30:42.586456+00,0.9,pt,SP
745,8fb06226-52d7-481c-add9-a3e18788cbf8,1,2699,2,1,1,5,2,2022-10-14 10:38:43.171132+00,0.9,pt,SP
746,8fb06226-52d7-481c-add9-a3e18788cbf8,1,2699,2,1,1,5,2,2022-10-14 10:38:43.320378+00,0.9,pt,SP
106,7be17e51-ec70-45d5-96f4-7680b1a2eb45,2,2746,3,2,1,6,2,2022-09-28 13:24:26.045946+00,0.9,pt,SP
305,e482aa30-134e-49e6-bb30-caa0ad3b004d,2,2746,3,2,1,5,51,2022-09-29 10:34:54.806311+00,0.9,pt,SP
404,e4619e7d-733c-4171-9a35-13b7d4f1f23d,1,2746,2,2,1,5,51,2022-09-29 21:44:36.81461+00,0.9,pt,SP
108,7cc4b68b-e586-43f9-b723-042f5ad4db3e,4,2392,2,2,1,5,52,2022-09-28 13:33:02.675803+00,0.9,pt,DF
171,9bb5f8af-b7f9-4054-a168-f740cf7cd1e8,1,2392,5,2,1,7,52,2022-09-28 15:58:20.898677+00,0.9,pt,DF
203,76f1c548-f35e-4d8b-a57e-a4703242dbcc,4,2392,3,2,1,7,2,2022-09-28 18:01:18.408462+00,0.9,pt,DF
217,2125b2ba-f5b5-4e5a-a9ce-9307c4f84068,99,2392,4,2,1,5,51,2022-09-28 19:08:17.606262+00,0.9,pt,DF
302,05fbb7a2-4ded-4a64-80bf-d102faf3b5b8,2,2392,2,2,1,5,2,2022-09-29 10:17:26.284548+00,0.9,pt,DF
314,78b8b382-2e24-4256-a854-e710a6cef049,1,2392,3,2,1,5,2,2022-09-29 11:28:51.928471+00,0.9,pt,DF
333,44fe8338-c15b-4f39-8f9f-1f8a5ebe0d4e,2,2392,2,2,1,5,52,2022-09-29 12:23:10.638315+00,0.9,pt,DF
337,b3a83482-cc85-4a00-b6fa-6fb162d70687,3,2392,3,2,1,99,2,2022-09-29 12:38:51.070678+00,0.9,pt,DF
340,25049d3f-22ec-4135-a969-f42db87db973,2,2392,1,2,1,3,52,2022-09-29 12:56:53.918684+00,0.9,pt,DF
341,03508402-a3ba-44ab-9c4c-69ee117c129b,3,2392,3,2,1,7,52,2022-09-29 12:59:31.212778+00,0.9,pt,DF
342,77eb7c1d-bd3b-408b-b20f-d7894f380824,4,2392,3,2,1,6,52,2022-09-29 13:07:50.389769+00,0.9,pt,DF
346,48f2ab55-43e2-46a1-bee8-e17bc16187d0,3,2392,4,1,1,6,2,2022-09-29 13:24:14.377548+00,0.9,pt,DF
349,e0622915-96ce-40c2-af78-c6f85eb19734,4,2392,3,1,1,5,51,2022-09-29 13:31:25.534408+00,0.9,pt,DF
353,1318da4f-d32a-47e4-842b-9717729cc730,2,2392,2,2,1,5,51,2022-09-29 14:00:24.23421+00,0.9,pt,DF
356,87935df9-6057-48d4-a7df-7b71d2f26168,4,2392,3,2,1,5,52,2022-09-29 14:05:52.513764+00,0.9,pt,DF
358,7f575f0a-10e3-4d33-ac5d-f07be5912a6d,3,2392,4,2,1,5,51,2022-09-29 14:23:23.669137+00,0.9,pt,DF
359,225a7258-96dd-49d8-9c1f-d7f0d1379b8a,2,2392,4,2,1,5,2,2022-09-29 14:48:21.405265+00,0.9,pt,DF
363,db395b83-44f6-4f02-82aa-f1aa4b152365,2,2392,3,2,1,6,51,2022-09-29 15:11:05.115441+00,0.9,pt,DF
381,0d1a1b54-697a-4b27-a251-723e3262b44e,2,2392,3,2,1,5,52,2022-09-29 16:26:24.881361+00,0.9,pt,DF
391,56d02a54-8c89-48d5-92b0-7b31af527258,99,2392,2,2,1,2,52,2022-09-29 17:51:40.856828+00,0.9,pt,DF
396,b16754af-a26e-4c24-bc3d-48270a832b77,1,2392,2,2,1,5,52,2022-09-29 20:08:09.478767+00,0.9,pt,DF
403,f7c42f44-6b76-42ef-a86c-e488aad7047f,3,2392,2,2,1,5,2,2022-09-29 21:41:55.002572+00,0.9,pt,DF
413,18adbede-25e1-4f3a-bb24-1cb2766c55aa,1,2392,2,2,1,5,52,2022-09-29 23:57:42.48785+00,0.9,pt,DF
414,77e90673-1591-40ef-b69a-5ae128e2c128,2,2392,4,2,1,5,2,2022-09-29 23:58:06.969909+00,0.9,pt,DF
415,cf942a53-d392-4bef-a2a1-a97bcb85df5e,2,2392,3,2,1,6,2,2022-09-30 00:05:49.932813+00,0.9,pt,DF
417,2ac8e87a-ad3b-42ec-8ab0-1b42d147a6cc,2,2392,3,2,1,3,52,2022-09-30 00:07:54.334409+00,0.9,pt,DF
420,1d6b76fb-c347-45d3-b553-5a483d139dea,2,2392,4,1,1,5,52,2022-09-30 00:57:39.278199+00,0.9,pt,DF
428,ccd4fd05-78b7-41ae-ad44-544aab4ed2d7,2,2392,2,2,1,6,52,2022-09-30 01:35:13.620186+00,0.9,pt,DF
446,3ff5b5c2-039e-4c39-aefd-a4a4b64ae704,3,2392,2,2,1,3,2,2022-09-30 04:02:49.919155+00,0.9,pt,DF
448,58130d2a-083f-4da1-8176-a9be59a6d100,1,2392,3,2,1,6,2,2022-09-30 04:40:25.852768+00,0.9,pt,DF
493,ba8e5460-ac7d-4d22-b8b0-362da1f9b26f,3,2392,1,98,1,3,2,2022-09-30 20:20:14.509487+00,0.9,pt,DF
555,0f2dbb5c-e62a-4bc0-a9c0-8ed7bbab16da,2,2392,2,2,1,3,52,2022-10-01 01:40:11.157506+00,0.9,pt,DF
572,72ad8e12-0f50-47b0-b5d4-665ff4a631b6,1,2392,1,2,1,2,52,2022-10-01 15:35:14.167518+00,0.9,pt,DF
573,d8fba1bb-f5d9-4ed7-a08e-e913b8f19e23,1,2392,3,2,1,6,2,2022-10-01 15:40:16.410875+00,0.9,pt,DF
582,7b31131b-1614-4258-b477-246be7adab3d,5,2392,3,2,1,5,51,2022-10-01 19:19:38.871828+00,0.9,pt,DF
587,e77203c2-0bc6-429b-b07a-8d2ea0235fa3,3,2392,2,2,1,3,2,2022-10-01 22:16:46.530695+00,0.9,pt,DF
599,b997b6c5-f488-4a99-8c12-95bffb82d3aa,4,2392,3,1,1,5,52,2022-10-02 15:14:04.951343+00,0.9,pt,DF
611,b77ba0e4-82da-4283-bf35-3bc8c1c02a11,99,2392,2,2,1,3,2,2022-10-03 00:48:58.936998+00,0.9,pt,DF
633,c412b3e5-f168-4569-a6f6-06e53c6862a2,2,2392,3,1,1,6,52,2022-10-06 16:53:45.173931+00,0.9,pt,DF
636,824f47b3-dc65-4fe2-bf89-a7b4c6726f21,1,2392,2,2,1,5,52,2022-10-06 21:54:01.791146+00,0.9,pt,DF
645,acd3f260-7ad5-4ada-b975-7320f6e61511,2,2392,5,2,1,7,51,2022-10-07 15:53:23.530509+00,0.9,pt,DF
668,29adbd56-06de-4dce-985f-a7731cf42f12,99,2392,4,2,1,7,2,2022-10-10 20:22:14.716006+00,0.9,pt,DF
690,46862fe5-fc4b-4bde-b01b-b9c957a3b642,2,2392,3,2,1,7,52,2022-10-11 11:11:05.528856+00,0.9,pt,DF
791,27135bf2-1596-4e25-9b68-67dfac1afbad,1,2392,4,1,1,5,51,2022-10-21 09:25:47.403287+00,0.9,pt,DF
797,05828b26-10ad-4ba9-bcfd-6442437ed317,1,2392,5,1,1,5,2,2022-10-24 09:38:08.847071+00,0.9,pt,DF
816,253be454-ce0a-4fe9-ab9f-582311c461c9,1,2392,2,1,1,5,52,2022-10-29 17:12:19.244446+00,0.9,pt,DF
109,12b8047f-f42e-4ad5-9ecc-b51da0b22e69,1,4096,3,2,1,7,2,2022-09-28 13:35:02.830555+00,0.7,pt,RJ
196,4d778c0f-1c70-4477-919b-09232408337c,1,4096,3,2,1,6,2,2022-09-28 17:45:57.645262+00,0.9,pt,RJ
338,347ff088-7160-4769-b351-0dbb23c2fe51,1,4096,4,2,1,5,52,2022-09-29 12:42:52.409507+00,0.9,pt,RJ
110,6748e431-9135-4cd1-9cac-c5af29d71cb4,2,2596,3,2,1,7,2,2022-09-28 13:35:46.798536+00,0.9,pt,SP
226,d0b3a3eb-2b8d-45ab-b220-8c7102043b7d,5,2596,2,2,1,5,51,2022-09-28 21:20:11.949088+00,0.9,pt,SP
111,bdfe9b83-3d22-4e2c-9b38-3d633b2fe1e5,2,5226,3,2,1,6,52,2022-09-28 13:36:12.348606+00,0.9,pt,SE
115,2da7569a-02be-4e4b-bd74-f5e2fe44509f,1,2806,3,2,1,5,2,2022-09-28 13:45:59.860024+00,0.9,pt,SP
198,2cb691c2-210b-478e-9985-5d283d2bd12c,2,2806,3,2,1,5,52,2022-09-28 17:54:29.34666+00,0.9,es,SP
708,0ef5850f-3683-44e2-a4bb-b42cacd5befb,1,2806,3,2,1,5,2,2022-10-12 08:25:49.161388+00,0.9,pt,SP
116,c6c66ccf-1b44-4892-8b1c-abc2217a326b,3,3491,4,2,1,6,52,2022-09-28 13:46:19.476758+00,0.9,pt,MG
127,25d74a90-7202-436b-89c4-b419405b4921,1,3491,2,2,1,5,2,2022-09-28 14:10:13.112494+00,0.9,pt,MG
179,34b4e92a-aef8-4ff9-a130-b7e9bac9016c,1,3491,2,2,1,5,52,2022-09-28 16:27:36.381809+00,0.9,pt,MG
208,f51b6264-5a65-4cbd-9d32-957119e3bf90,2,3491,3,2,1,6,2,2022-09-28 18:19:23.759293+00,0.9,pt,MG
286,50a0c59f-4892-4817-8d30-e5f437df33e8,2,3491,5,1,1,5,51,2022-09-29 05:07:27.271354+00,0.9,pt,MG
309,1ee3fe13-8c8f-408f-81ab-aa40b0bb2a1c,1,3491,3,2,1,5,52,2022-09-29 11:06:02.719628+00,0.9,pt,MG
312,f937bca2-3bf0-4492-8321-4a27fd29d1cc,2,3491,5,1,1,5,52,2022-09-29 11:20:54.03262+00,0.9,pt,MG
445,e626932a-fa78-45c3-bee2-f9586dd8cc75,2,3491,3,2,1,5,52,2022-09-30 03:53:11.059142+00,0.9,pt,MG
604,f62b1643-06df-41ca-bce6-ca34f16eaa51,2,3491,3,2,1,7,52,2022-10-02 19:02:23.235336+00,0.9,pt,MG
677,08400ceb-e4a9-4d0c-800c-ba695441a656,1,3491,3,2,1,7,51,2022-10-11 00:28:54.212039+00,0.9,pt,MG
696,d5089a96-e389-4b6a-a38c-a85ebe87a0a8,1,3491,5,1,1,7,52,2022-10-11 12:32:09.529221+00,0.9,pt,MG
119,bd49d5a6-c953-4173-bef6-0b11bb300020,1,1987,3,1,99,6,52,2022-09-28 13:50:44.664066+00,0.9,pt,GO
234,e863047d-8059-48db-9a1d-e7f58d6c82d5,3,1987,4,1,99,7,51,2022-09-28 22:13:20.592605+00,0.9,pt,GO
765,414f6e39-fe42-43d7-a7d3-6e9fbf594c83,1,1987,4,1,1,6,2,2022-10-16 02:29:33.287836+00,0.9,pt,GO
124,150c2560-ff8d-4660-bea9-868822911cd4,1,4326,2,2,1,3,2,2022-09-28 13:59:32.283326+00,0.9,pt,ES
125,0f90ae6e-3262-4049-9ad1-ee6c7879f265,1,236,6,1,1,5,52,2022-09-28 14:06:36.041424+00,0.9,pt,MT
130,8c972f00-0f99-4c79-a2d5-44b2a63a94f2,1,5686,3,2,1,5,52,2022-09-28 14:15:59.24821+00,0.9,pt,RN
266,86409c16-836a-4d9c-9d58-0a1fca01e57c,99,5686,4,2,1,5,51,2022-09-28 23:57:59.479466+00,0.9,pt,RN
267,86409c16-836a-4d9c-9d58-0a1fca01e57c,99,5686,4,2,1,5,51,2022-09-28 23:58:00.944252+00,0.9,pt,RN
472,f7db3ada-0717-498d-b58c-ac4bd949d347,1,5686,3,1,1,6,51,2022-09-30 14:27:39.174859+00,0.9,pt,RN
770,b13dd6e3-8e14-4949-9f30-62798a33959d,99,5686,5,1,99,4,2,2022-10-17 01:28:28.943533+00,0.9,pt,RN
812,f9aa5f7c-4361-48ff-89c4-2c27d2f6d5d5,99,5686,2,1,1,2,2,2022-10-28 14:53:28.657696+00,0.9,pt,RN
131,45844ba0-da60-4ac6-a73d-7d8a9a39e653,99,1940,3,2,1,3,2,2022-09-28 14:16:56.268611+00,0.9,pt,PR
151,7e66b39f-af76-47b8-ae76-f4e9cc7b5d5e,1,1940,3,2,1,6,2,2022-09-28 15:07:03.494894+00,0.9,pt,PR
355,1727cd09-ae57-4bab-976a-2f0ed9d73a2d,5,1940,3,2,1,6,51,2022-09-29 14:04:09.859202+00,0.9,pt,PR
399,47d81c17-7eca-4329-bd96-647a470c4f1c,3,1940,2,2,1,3,52,2022-09-29 20:43:17.437017+00,0.9,pt,PR
400,47d81c17-7eca-4329-bd96-647a470c4f1c,3,1940,2,2,1,3,52,2022-09-29 20:43:18.595789+00,0.9,pt,PR
465,228e7d98-2e0b-475e-b0a4-dfed2f047e03,5,1940,2,2,1,5,51,2022-09-30 14:04:52.720079+00,0.9,pt,PR
658,19e93ac6-59ec-462b-922c-508c9d850fa0,2,1940,5,2,1,7,2,2022-10-10 19:24:14.119908+00,0.9,pt,PR
671,7190729d-9d7a-4604-8ea0-2bd76d85aff4,1,1940,3,2,1,7,52,2022-10-10 21:11:52.645513+00,0.9,pt,PR
727,30c8c0ad-6fc9-48af-8d60-7097aae6fe5a,5,1940,5,1,1,5,2,2022-10-14 01:15:57.603836+00,0.9,pt,PR
142,db49837b-ab00-4dfe-95f7-418171e2d3a1,1,1545,2,2,1,6,52,2022-09-28 14:37:14.491355+00,0.9,pt,SP
143,22ff77eb-d563-4b1e-9735-7579d7ad58e1,4,2034,2,2,1,3,52,2022-09-28 14:39:11.906478+00,0.9,pt,SC
144,563c0f22-3db2-4350-9508-86cdfa7fb195,2,3503,3,2,1,7,52,2022-09-28 14:40:28.105447+00,0.9,pt,RJ
147,2f9ec454-006b-4376-b81b-e27103257485,3,1819,5,2,1,3,52,2022-09-28 14:51:11.568984+00,0.9,pt,GO
149,1ec80b82-1d29-4116-a508-fcc7733d08c8,2,5672,1,1,1,5,52,2022-09-28 15:03:19.872211+00,0.9,pt,PE
804,30231018-aa76-4d59-8c7d-978b57fb56dc,1,5672,2,1,99,3,51,2022-10-25 22:11:42.540912+00,0.9,pt,PE
158,f0feaa7a-b47d-48b7-9e41-00f444fcef65,3,175,3,2,1,7,52,2022-09-28 15:24:50.987956+00,0.9,pt,PA
162,e9fc20c7-361d-4486-ba29-e5046cb9ae36,5,5623,2,1,1,99,52,2022-09-28 15:41:17.027821+00,0.9,pt,PE
164,50281b55-d246-4a8d-bc1e-2f471f627491,99,1984,4,2,99,5,2,2022-09-28 15:43:38.87291+00,0.9,pt,SP
167,07d93f45-09e3-452f-8bc4-1913878963f8,1,3030,5,2,2,4,2,2022-09-28 15:48:00.47002+00,0.9,pt,MG
216,b6858cfc-9529-4cd0-84a7-e57c7dd3337f,2,3030,4,2,2,2,52,2022-09-28 18:55:02.495382+00,0.9,es,MG
170,4f16989c-a35e-4a60-a238-ea23378078ba,2,99,3,2,1,7,52,2022-09-28 15:55:15.918536+00,0.9,pt,RO
177,6e77dbc4-ddef-44f8-b865-70e7a93aec83,99,5510,3,2,1,5,2,2022-09-28 16:24:05.837687+00,0.9,pt,PE
182,822cc37c-5a93-4125-bd8e-02f2cec2f280,1,3712,2,1,1,5,2,2022-09-28 16:41:10.032922+00,0.9,pt,RJ
246,9a96da9a-c6b9-45e1-99dc-f3c1abb02818,2,3712,2,2,1,5,51,2022-09-28 23:25:51.469519+00,0.9,pt,RJ
299,a7f2fe7d-67a7-4488-9ab7-4ac9d6f2eca9,1,3712,1,2,1,3,52,2022-09-29 10:04:10.700505+00,0.9,pt,RJ
556,71d73ce7-cb30-423c-a0b2-0c4be0760f95,1,3712,2,2,1,3,51,2022-10-01 01:53:14.968418+00,0.9,pt,RJ
558,eccedfec-6a82-46e3-8ee3-a83622ceca4e,5,3712,3,1,1,5,52,2022-10-01 03:03:26.938009+00,0.9,pt,RJ
559,eccedfec-6a82-46e3-8ee3-a83622ceca4e,5,3712,3,1,1,5,52,2022-10-01 03:03:28.18788+00,0.9,pt,RJ
667,fb6af241-0162-40b3-83ea-246fb5a3fd03,3,3712,5,2,1,7,51,2022-10-10 20:17:21.39027+00,0.9,pt,RJ
752,400288de-86e0-4daa-8aeb-2f910d84bf89,3,3712,4,2,1,3,2,2022-10-14 13:25:06.608506+00,0.9,pt,RJ
185,48386377-1791-4881-b86b-e9d1f2c7b270,1,3281,3,2,1,7,2,2022-09-28 17:02:28.113822+00,0.9,pt,MG
669,2a4a196d-675d-44de-a653-6ef8711c5ae5,1,3281,4,2,1,7,2,2022-10-10 20:43:14.681801+00,0.9,pt,MG
190,1a449a42-280d-4e17-89ad-7035c063ee14,1,2775,3,1,1,7,52,2022-09-28 17:13:01.567007+00,0.9,pt,SP
383,3ed20a50-6ebf-4d5f-b1ba-a8e9a41c2d5d,2,2775,2,1,1,5,52,2022-09-29 16:38:03.451344+00,0.9,pt,SP
202,42729d1d-a9ce-4909-8eee-aa5eee4d5226,99,1363,3,2,1,5,2,2022-09-28 17:59:15.481616+00,0.9,pt,RS
207,0bbbb85c-03b2-4060-a3c0-fa2ea7c354c4,2,4974,3,2,1,7,51,2022-09-28 18:17:42.547944+00,0.9,pt,CE
230,eae48940-972f-49d0-8186-ea3c3fa62e87,2,4974,2,2,1,6,2,2022-09-28 21:51:10.442171+00,0.9,pt,CE
263,2356f5b8-6734-4bca-86f0-6b9f275068ef,1,4974,3,2,1,5,2,2022-09-28 23:56:35.208953+00,0.9,pt,CE
281,dfceaffd-30dc-4951-8958-5dc75692bc63,1,4974,3,2,1,6,2,2022-09-29 03:02:48.464178+00,0.9,pt,CE
283,ebae8196-66c8-4970-8a25-a77974be4c40,1,4974,2,2,1,5,51,2022-09-29 03:30:08.014819+00,0.9,pt,CE
670,dd167032-6526-4043-854f-7f6f5d969629,1,4974,3,2,1,7,52,2022-10-10 20:51:01.776879+00,0.9,pt,CE
684,ed7571d3-8942-4416-ad43-f6dfe6c0cd51,2,4974,5,2,1,7,52,2022-10-11 10:10:38.907564+00,0.9,pt,CE
685,ed7571d3-8942-4416-ad43-f6dfe6c0cd51,2,4974,5,2,1,7,52,2022-10-11 10:10:39.901597+00,0.9,pt,CE
686,51589522-2b89-489d-9786-da8f2c1a6b6c,1,4974,5,2,1,7,52,2022-10-11 10:28:44.608979+00,0.9,pt,CE
687,51589522-2b89-489d-9786-da8f2c1a6b6c,1,4974,5,2,1,7,52,2022-10-11 10:28:44.882657+00,0.9,pt,CE
688,f8e6e3d8-cb8c-4130-977c-18c4517983ca,2,4974,4,2,1,6,2,2022-10-11 10:29:02.654488+00,0.9,pt,CE
692,8cba51e5-745d-40d5-90ff-bd4c053d5006,2,4974,4,2,1,7,52,2022-10-11 11:36:41.187765+00,0.9,pt,CE
713,8b0b112b-26ac-4900-a79c-9a601a55353e,5,4974,6,1,1,4,2,2022-10-13 19:32:19.228679+00,0.9,pt,CE
211,e084821f-43b1-4ea3-ab6b-c0887dda81a0,2,2402,4,2,1,7,2,2022-09-28 18:27:37.4388+00,0.9,pt,GO
212,1f13b3f8-fce2-41e6-993c-b387cf145399,2,5519,3,2,1,6,2,2022-09-28 18:40:58.661822+00,0.9,pt,PE
229,c8b28910-e7b0-4f87-acb5-8102c3fcc45a,4,4467,2,2,1,5,2,2022-09-28 21:49:58.852162+00,0.9,pt,CE
231,2bd4c22d-92e8-4fdf-8a8d-735846fbb54c,99,3586,4,2,1,6,52,2022-09-28 21:57:57.171063+00,0.9,pt,MG
712,e9e4f1ec-bf0a-469c-927d-4e5dc2785d4a,1,3586,5,2,1,7,52,2022-10-13 19:23:36.901354+00,0.9,pt,MG
243,fd67377b-87eb-44e6-900b-68ebad9151cd,1,2889,2,1,1,6,2,2022-09-28 23:13:44.144006+00,0.9,pt,SP
244,fd67377b-87eb-44e6-900b-68ebad9151cd,1,2889,2,1,1,6,2,2022-09-28 23:13:44.768463+00,0.9,pt,SP
245,fd67377b-87eb-44e6-900b-68ebad9151cd,1,2889,2,1,1,6,2,2022-09-28 23:13:45.35418+00,0.9,pt,SP
434,b6bb33fe-bd58-4370-9bca-57552841ccd9,1,2889,2,1,1,5,2,2022-09-30 02:18:36.418518+00,0.9,pt,SP
261,ded84bf3-2021-47ec-a865-9ce90bccbbb6,1,5680,4,1,1,3,2,2022-09-28 23:56:01.607315+00,0.9,pt,PE
265,636da28e-cb62-4823-9863-e856fd6b4b9b,4,5634,4,2,1,5,2,2022-09-28 23:57:56.850725+00,0.9,pt,PE
272,41894882-b0c4-45d3-a876-34d1c2b59161,1,5634,4,2,1,3,51,2022-09-29 00:05:12.30164+00,0.9,pt,PE
280,9c18030c-5a41-4497-8d1d-18e231927bba,99,3559,2,1,1,5,52,2022-09-29 02:33:58.238214+00,0.9,pt,RJ
522,4ae90dcf-cb97-4144-af34-fceb2ea47937,99,3559,4,1,1,2,52,2022-09-30 22:56:14.20386+00,0.9,pt,RJ
539,76f98e93-2bb2-4a74-974b-036deeea185e,3,3559,5,2,1,3,52,2022-09-30 23:09:34.034656+00,0.9,pt,RJ
285,93f174fc-fb25-4c91-ada9-9bd980174d56,1,4887,3,1,1,7,51,2022-09-29 04:50:50.445631+00,0.9,en,BA
287,73bc1d71-8f16-4fca-b27f-98369e5ad792,1,5707,3,2,1,2,51,2022-09-29 05:26:57.151928+00,0.9,pt,PE
796,71a4e36c-c05d-441e-bff2-0bc98ec63956,1,5707,2,1,1,5,51,2022-10-23 16:09:19.309074+00,0.9,pt,PE
290,2776d66e-9cca-43aa-b30f-514e7642201b,2,2378,3,2,1,5,52,2022-09-29 08:50:21.1215+00,0.9,pt,SP
291,226d8d94-4348-4d12-8266-73867618a9a1,2,2318,3,2,1,4,52,2022-09-29 08:59:25.174585+00,0.9,en,SP
496,321ab798-b045-4dba-ba3c-136cb4d87652,2,2318,2,2,1,5,51,2022-09-30 20:45:07.712958+00,0.9,pt,SP
292,90ee6a1c-0c4d-41e8-99e6-bd5066194e5b,2,2954,2,2,1,3,2,2022-09-29 09:12:00.906677+00,0.9,pt,MG
294,b4841de5-71eb-4525-9e9d-fe086031eda2,2,1003,2,1,1,3,2,2022-09-29 09:13:14.503683+00,0.9,pt,PR
295,9b39f4c1-31ca-4108-911d-368e1f79f167,2,1,3,2,1,5,52,2022-09-29 09:16:09.513684+00,0.9,pt,AM
303,7680ed2d-587b-44ec-9280-9b0f44b30059,1,2597,2,2,1,3,51,2022-09-29 10:27:33.739451+00,0.9,pt,SP
735,25a55a11-6630-47d5-a1cf-788a2e1e6047,2,2597,2,2,1,5,52,2022-10-14 02:54:41.076914+00,0.9,pt,SP
306,456d9278-963a-462e-9dfc-4f37ffadb65b,2,2995,4,1,1,3,52,2022-09-29 10:39:39.320152+00,0.9,pt,MG
307,456d9278-963a-462e-9dfc-4f37ffadb65b,2,2995,4,1,1,3,52,2022-09-29 10:39:40.196649+00,0.9,pt,MG
308,151d104b-3f33-40b5-acc0-c83217a9f578,4,123,4,2,1,5,52,2022-09-29 10:45:44.330728+00,0.9,pt,RR
310,fecc1142-5009-42bc-b2c8-389c77e7b1fd,99,5165,3,1,1,3,2,2022-09-29 11:07:37.765775+00,0.9,pt,PE
311,affb4368-a13f-456e-a295-532b3c1316c7,4,1560,2,1,1,6,52,2022-09-29 11:10:58.337917+00,0.9,pt,PR
313,00f4f1e4-90a3-41ee-a0dc-b0fe3a824688,3,5447,2,2,1,5,2,2022-09-29 11:22:48.383774+00,0.9,pt,PE
450,0ae3c0f0-3a92-44cb-ad57-cc767d798056,4,5447,2,2,1,3,51,2022-09-30 08:26:33.587532+00,0.9,pt,PE
832,728fb672-98d0-42b2-96a9-e54cb5a8d3d8,2,5447,2,2,1,5,52,2022-10-30 10:40:01.050278+00,0.9,pt,PE
315,c6d2e35e-9bde-4931-b324-fbfea42bf7c8,3,5667,1,1,2,5,2,2022-09-29 11:47:30.024043+00,0.9,pt,PE
500,b09d311f-4ff4-4f77-8587-e8f29cc55301,1,5667,2,1,1,3,2,2022-09-30 22:40:42.062833+00,0.9,pt,PE
612,80c130e3-c489-48c5-8fba-ecf36b0e24f0,99,5667,2,2,99,6,51,2022-10-03 06:34:45.83976+00,0.9,en,PE
316,860e66e4-a490-4072-82d6-061a226706c7,1,5675,2,1,2,5,51,2022-09-29 11:47:32.393536+00,0.9,pt,PE
324,f7dd695c-0449-446a-9ff5-493abee66935,2,2628,3,2,1,5,52,2022-09-29 12:05:58.955529+00,0.9,pt,MG
332,b7a86b17-34b1-403b-9de3-a5ed896eceb9,1,2429,4,2,99,7,2,2022-09-29 12:17:59.664852+00,0.9,pt,SP
412,8e3182cf-4f3f-4366-91f4-e58f0ea03320,2,2429,1,1,2,7,2,2022-09-29 23:50:56.945669+00,0.9,pt,SP
336,b772c510-460f-4fab-9dbb-66467e7fe38b,4,2362,2,2,1,5,52,2022-09-29 12:36:50.354886+00,0.9,pt,GO
339,cb0f87f9-0b9f-49c3-93c3-a8b45b103c1c,1,2209,2,1,1,6,51,2022-09-29 12:52:55.493076+00,0.9,pt,PR
352,95823d18-32c6-4753-af05-d0aaaa26ac6a,99,2,3,2,1,5,52,2022-09-29 13:41:33.731956+00,0.9,pt,AM
362,8e4c5ca9-9a19-43f2-81ac-fa24102c4ff8,3,2567,2,98,1,5,52,2022-09-29 15:08:14.914598+00,0.9,pt,SP
553,4c7f4c8f-0e39-42de-a24a-7fc00f950340,3,2567,5,1,1,5,2,2022-10-01 01:29:12.834242+00,0.9,pt,SP
643,d73c063e-8329-4d0c-b0dc-45481b797807,4,2567,6,1,1,5,52,2022-10-06 23:40:43.004695+00,0.9,pt,SP
789,b63e905e-cc5d-467a-8a23-a5107e45f9c8,5,2567,5,2,1,5,2,2022-10-21 00:02:16.53843+00,0.9,pt,SP
378,30c54d42-d7f5-4d59-93e2-0b7f9e8fbb26,2,5331,5,2,1,7,51,2022-09-29 16:11:38.136818+00,0.9,pt,AL
382,ea18981e-fa91-4da1-b48c-fb73e11358d7,99,2056,2,1,1,4,52,2022-09-29 16:29:48.318911+00,0.9,pt,SP
387,f989ed21-8b86-4420-a217-c59197bfdd6a,4,409,2,2,1,6,52,2022-09-29 17:14:38.870888+00,0.9,pt,PR
388,a598e96c-3e5f-45b6-a0c4-8690329adf1f,2,733,2,2,1,5,52,2022-09-29 17:34:05.564531+00,0.9,pt,PR
390,247c96de-2715-4e7f-9787-b4b4952b7cdf,2,454,2,2,1,5,51,2022-09-29 17:38:54.15548+00,0.9,pt,PR
408,9d239c97-90ee-4198-8aea-7ef9829db54a,5,1291,2,2,1,3,51,2022-09-29 23:07:03.843941+00,0.9,pt,RS
424,37c01b72-2523-4729-b14f-28b0e133f5be,1,5681,3,2,1,5,52,2022-09-30 01:09:30.37314+00,0.9,pt,RN
630,5074dbe0-1eec-48c1-9151-bb58eef75049,2,5681,2,2,1,3,2,2022-10-06 15:19:54.405885+00,0.9,pt,RN
430,3247c91e-a855-41c6-b565-fdd4583a8b9b,2,2551,2,1,1,5,2,2022-09-30 02:00:15.344691+00,0.9,pt,SP
441,2cbbce2d-2f3c-49b7-a578-c9429edfa5b5,1,2347,1,2,1,3,52,2022-09-30 02:56:05.360723+00,0.9,pt,MG
442,008945db-7336-4b6f-80c8-67f6f760146a,2,4802,2,2,1,5,52,2022-09-30 03:03:30.91765+00,0.9,pt,BA
460,dbcdd12a-a34a-4045-9912-15c3a8d1506e,2,4802,3,2,1,5,52,2022-09-30 13:35:06.11885+00,0.9,pt,BA
467,501deed3-10a0-46b4-b8a7-12064bc1e7c0,1,4802,2,1,1,3,2,2022-09-30 14:07:15.481838+00,0.9,pt,BA
468,790b6a70-c4e6-46d4-a8e1-8cb791d36e8f,3,4802,2,1,1,3,52,2022-09-30 14:08:51.904533+00,0.9,pt,BA
482,a4c44a68-906e-46b0-b9c0-a37014ee9389,5,4802,2,2,1,5,52,2022-09-30 17:18:51.265076+00,0.9,pt,BA
547,913f1a50-ce29-46c1-be6e-13502d469a71,99,4802,2,1,1,2,2,2022-09-30 23:40:26.253515+00,0.9,pt,BA
662,7c2740c6-d7b2-42d5-b252-f59f48796b11,4,4802,4,2,1,7,2,2022-10-10 19:29:43.973677+00,0.9,pt,BA
449,a04a0224-e950-4b2e-bcae-a16c85569aa6,5,2734,1,2,1,2,2,2022-09-30 05:22:27.313428+00,0.9,pt,SP
461,bcf77fbe-3571-460e-8069-5e28251d3afb,4,275,2,2,1,2,52,2022-09-30 13:41:52.644197+00,0.9,pt,RS
466,ad73c261-e488-472c-8263-776863b12447,99,1464,2,2,1,5,2,2022-09-30 14:05:28.25896+00,0.9,pt,SP
470,ea1b0daa-5d66-4d69-aa6f-7befcd24e4dc,1,1583,2,1,1,5,2,2022-09-30 14:17:11.288917+00,0.9,pt,SP
476,d6b29b76-5bed-4c31-9937-f93e6b49a64a,99,3651,3,2,1,99,51,2022-09-30 15:28:27.598875+00,0.9,pt,MA
484,0f42d577-dfa7-48ad-8283-291b1019546b,5,5692,3,1,1,3,2,2022-09-30 17:24:54.544944+00,0.9,pt,PE
709,09d5f371-8a2f-4c85-a245-eabb2fe9a360,99,5692,4,2,1,4,52,2022-10-13 01:09:28.509709+00,0.9,pt,PE
729,dda89943-d242-40c8-9989-f20eaa38e8f6,3,5692,2,2,1,3,51,2022-10-14 01:45:49.172814+00,0.9,pt,PE
743,f6e9c0ca-e983-4076-a2dc-1d55ebd07a13,1,5692,2,1,1,5,52,2022-10-14 10:12:16.091023+00,0.9,pt,PE
489,16ea94e0-3df1-4762-9138-489488ac142f,4,5459,2,2,1,6,2,2022-09-30 18:43:34.152855+00,0.9,pt,PB
494,dbb14be0-1c6a-4870-a475-fd6cb70bba45,5,5323,2,2,1,3,52,2022-09-30 20:23:09.47665+00,0.9,pt,AL
520,9b0f54c3-ad02-48c2-a3e3-e95f3bd54c3b,1,3633,2,1,1,3,2,2022-09-30 22:51:29.803986+00,0.9,pt,RJ
541,6b4b1e3e-8aa0-4c31-bc79-8eeba7994893,4,3633,3,2,1,5,52,2022-09-30 23:13:05.744088+00,0.9,pt,RJ
521,8ac8c469-1440-455e-b398-8c2b27058408,99,5721,6,1,1,7,52,2022-09-30 22:54:47.555392+00,0.9,pt,PB
549,2c914d9f-485d-45b2-9eb8-c6319ef5468d,3,4834,2,2,2,5,2,2022-10-01 00:28:25.499199+00,0.9,pt,PE
563,a56d93c9-9e11-4c07-8488-ea41ae3935f0,5,2121,2,2,1,3,51,2022-10-01 09:39:49.805419+00,0.9,pt,SP
577,05dd50f8-d3ac-483a-a77d-09534932a101,1,5539,3,1,1,6,2,2022-10-01 17:50:46.329636+00,0.9,pt,PE
588,fe041e5b-c584-4038-80fb-73f20fb1273c,4,5586,6,1,1,5,52,2022-10-01 22:25:21.479973+00,0.9,pt,PE
590,37be3728-2daa-46ee-a7dd-ccf08ecf1ce8,2,1034,1,1,1,3,52,2022-10-01 23:09:52.315202+00,0.9,pt,PR
592,2a91f889-1160-4b4a-bbd3-b77d2b29c425,2,5678,1,2,1,5,51,2022-10-01 23:52:00.729647+00,0.9,pt,PE
601,99d3c25d-d90a-44d7-9b39-056e4f65ac78,99,421,2,2,1,5,52,2022-10-02 17:45:21.042202+00,0.9,en,MS
608,a432e15d-2649-410d-8f07-835bf834e623,1,2294,3,2,1,6,2,2022-10-02 23:57:34.197974+00,0.9,en,PA
609,a432e15d-2649-410d-8f07-835bf834e623,1,2294,3,2,1,6,2,2022-10-02 23:57:34.269293+00,0.9,en,PA
610,11d344fe-51a3-4f64-9207-c4cc56f3fa87,1,5002,2,1,1,6,2,2022-10-03 00:26:34.296821+00,0.9,pt,CE
615,7690f3ea-cda2-4fab-8c49-5dfceee1d48c,3,1979,2,2,99,7,51,2022-10-04 11:54:01.330435+00,0.9,pt,SP
617,6584d53d-a77e-484d-bb27-6647d7a1fa7e,99,4528,5,2,1,7,2,2022-10-04 22:34:23.519345+00,0.9,pt,PE
618,d398a90b-21c5-4242-9f5c-190acb5ce7ef,4,1491,1,2,1,4,52,2022-10-05 13:44:24.60872+00,0.9,pt,PR
623,0a1dbf37-e08d-43f4-96fb-4bb135c4ab8b,99,2819,3,99,99,3,52,2022-10-05 18:32:21.122028+00,0.9,pt,MG
624,b313e035-ded6-449e-a24f-570aa5fba164,1,2534,2,2,1,4,2,2022-10-05 21:33:25.220319+00,0.7,pt,SP
625,c54deb64-6b0a-4644-83f6-8f32b77460e9,2,2230,3,2,1,7,52,2022-10-06 13:59:08.338055+00,0.9,pt,MG
691,05ceac51-50c9-4782-8547-d921c47ff46d,1,2230,3,1,1,5,52,2022-10-11 11:26:54.203344+00,0.9,pt,MG
628,e562d0ac-38ce-4c28-9a8d-9a08f91d49aa,1,4777,2,1,1,6,52,2022-10-06 14:34:55.526221+00,0.9,pt,CE
632,3ba8a75e-1711-4c96-8c9b-7888e70fcdca,1,3963,2,99,1,3,51,2022-10-06 16:19:17.674934+00,0.9,pt,RJ
640,243ed169-180a-4e8d-823c-11af1d0446d4,1,4550,2,2,1,6,52,2022-10-06 23:03:42.350727+00,0.9,pt,BA
644,24d24cb7-3e0b-4b34-b914-22f4f26cb85a,5,2174,3,2,1,5,2,2022-10-07 02:45:28.205202+00,0.9,pt,SC
663,6b4977d7-07a5-4401-8334-47d8039b4262,1,2174,3,2,1,6,2,2022-10-10 19:32:59.671404+00,0.9,pt,SC
649,97752f8e-da1b-4963-b44f-b31c68635dda,1,837,2,98,1,5,2,2022-10-07 18:58:13.347799+00,0.9,pt,RS
651,21dd8bdb-806c-484a-bcaf-8d2b71a88c07,5,390,6,2,2,5,52,2022-10-09 02:50:18.354388+00,0.9,pt,RS
652,21dd8bdb-806c-484a-bcaf-8d2b71a88c07,5,390,6,2,2,5,52,2022-10-09 02:50:19.034195+00,0.9,pt,RS
653,6b82084b-7099-4967-96ed-dd9e45f8cb8d,3,2671,6,2,1,3,2,2022-10-09 06:38:50.730159+00,0.9,pt,SP
655,22fa3d93-8514-41e3-af47-4a70cad07a1d,2,3035,5,2,1,5,2,2022-10-10 11:33:26.668846+00,0.9,pt,SP
706,525ab78a-42a1-469d-ab70-955eea394a48,5,3035,2,2,1,5,51,2022-10-11 20:15:13.723629+00,0.9,pt,SP
660,16652ffe-caec-469e-aeea-f8bed521122b,2,3753,3,2,1,6,51,2022-10-10 19:25:21.323367+00,0.9,pt,MG
666,3d8fd8c5-1dc6-477a-b0bc-165e7d5769ae,2,2359,5,2,1,7,2,2022-10-10 20:14:13.645353+00,0.9,pt,PA
672,a7a3ef84-8c18-4ecc-b4e3-dc72056cd800,1,439,3,2,1,5,2,2022-10-10 22:15:32.11406+00,0.9,pt,RS
676,23e4c7cb-ac1d-40f4-bac5-9cb47dc2243c,2,5191,3,2,1,6,51,2022-10-10 23:01:37.600149+00,0.9,pt,RN
694,ed5b6a28-fa85-4d46-9098-a14acb9616f0,1,5191,2,1,1,4,52,2022-10-11 12:00:03.650473+00,0.9,pt,RN
678,f5c20d17-1f1e-48d1-ab2a-9eed5128a79e,1,1386,5,2,1,6,52,2022-10-11 02:22:23.027746+00,0.9,pt,RS
679,8652090d-200d-4f93-bc00-2d9ad8bb4657,1,2770,3,2,1,6,52,2022-10-11 02:32:21.669351+00,0.9,pt,SP
681,f424bf11-51a1-4a3e-b944-b9b3a62d57e4,1,372,4,2,1,6,2,2022-10-11 06:57:00.596132+00,0.9,pt,PR
682,f424bf11-51a1-4a3e-b944-b9b3a62d57e4,1,372,4,2,1,6,2,2022-10-11 06:57:00.867652+00,0.9,pt,PR
693,9e325f69-e484-402a-a5cd-8e0826dd46d1,1,3298,3,1,1,6,51,2022-10-11 11:44:33.740105+00,0.9,pt,MG
695,0981cb52-479c-4d5e-b323-d08a8c445a8f,1,797,4,2,1,7,2,2022-10-11 12:09:17.955592+00,0.9,pt,PR
705,7537bf7f-762e-4b76-9125-0c5ef33bfa3b,3,797,2,2,1,7,51,2022-10-11 20:07:27.477276+00,0.9,pt,PR
697,32ac6902-c7b8-44d2-9352-9285a1c7925a,2,2613,3,1,1,7,51,2022-10-11 12:36:02.784945+00,0.9,pt,MG
700,1b355bf3-c66c-4622-b19b-1ad841f7a993,3,2383,4,1,1,7,2,2022-10-11 14:46:14.389544+00,0.9,pt,SP
702,e58f1a6d-d42a-4ded-afa8-82fdac8e1184,2,2383,6,1,1,7,2,2022-10-11 17:22:52.271118+00,0.9,pt,SP
701,b56b4c1f-37ba-41e9-93ce-35091e89f914,5,2868,3,2,1,6,51,2022-10-11 17:21:21.131648+00,0.9,pt,MG
703,be6e375e-cef4-4566-aff4-d4d0088599a0,4,2573,2,1,1,6,52,2022-10-11 17:34:12.244743+00,0.9,pt,SP
707,68d3f60f-a493-4e0b-a1e3-76604c86118f,99,5050,3,2,1,6,2,2022-10-12 01:03:41.464492+00,0.9,pt,CE
710,35dad3d8-20ff-457f-b100-115e16eff834,2,887,4,2,1,7,2,2022-10-13 12:27:22.986302+00,0.9,pt,PR
711,637530ad-61f9-4485-a1cb-27bed33e5edb,2,2744,4,2,1,5,51,2022-10-13 19:14:42.790983+00,0.9,pt,SP
719,cecefc6b-7b96-4805-a71c-3fe7b04dba5c,5,5106,2,1,2,3,2,2022-10-14 00:25:20.221903+00,0.9,pt,PE
793,98786b29-ac9e-4ac7-b07c-3479293cac6b,1,5106,2,1,1,5,52,2022-10-22 02:47:50.211425+00,0.9,pt,PE
731,62b804ff-0201-4daa-b787-a8ca69106801,99,3988,2,1,1,3,52,2022-10-14 01:59:45.549404+00,0.9,pt,PI
750,d33b2fa8-0555-4e17-9094-4a3b66923d9d,5,2480,5,2,1,3,2,2022-10-14 12:23:21.705299+00,0.9,pt,SP
758,1a8f761e-efe1-45b9-84e9-cf03af7227e8,5,3720,6,1,1,4,52,2022-10-14 16:08:39.235751+00,0.9,pt,RJ
760,9292f293-31d4-4c78-b5ba-91ca95e77c37,99,2706,2,1,1,3,51,2022-10-14 22:44:38.026753+00,0.9,pt,SP
763,a627ce2b-fb9c-40f9-8509-1c4b2fe1ba63,3,2670,2,2,1,3,52,2022-10-15 14:03:38.798345+00,0.9,pt,SP
764,348f3bc1-8533-4279-a91a-10cbf203001f,2,4831,2,1,1,3,51,2022-10-15 14:16:43.185444+00,0.9,pt,CE
771,6dd4c7a7-c4b3-419f-9358-883dfdc267b1,5,1333,4,2,1,4,2,2022-10-17 06:29:48.35404+00,0.9,pt,PR
775,e8f990fa-3368-410e-8a7a-403fb84d6f82,4,2041,4,2,1,4,51,2022-10-19 10:48:24.773988+00,0.9,es,SC
776,274a50f6-7523-48d3-b755-46c684802bd7,2,2468,6,2,1,7,2,2022-10-19 11:01:21.487293+00,0.9,pt,SP
779,cc318b4b-f31a-4bbe-80ca-f97e93f73e31,5,4585,4,2,1,6,2,2022-10-20 01:29:40.451312+00,0.9,pt,CE
792,b1ee8fd2-a836-49ee-b02d-6ffe13cb24c5,5,1378,4,2,1,6,2,2022-10-21 11:16:31.426198+00,0.9,pt,SP
794,33c490b5-f5e4-4db9-8d77-4f76fd0d363f,1,4657,2,2,2,3,51,2022-10-22 13:42:33.374087+00,0.9,pt,CE
795,5d5f537f-a895-49ed-966d-a5b31539155d,5,2650,5,1,1,5,52,2022-10-23 02:45:57.57605+00,0.9,pt,SP
801,035fef84-952f-40cf-b6bc-59419ebc4234,5,2964,6,1,1,3,52,2022-10-24 19:02:26.322001+00,0.9,pt,SP
806,730666d4-bf22-4c25-9df0-cd447cd72100,5,1519,6,2,1,4,2,2022-10-28 00:02:13.794653+00,0.9,pt,GO
810,464341cf-d0ec-4067-8905-a50b34a7fd90,5,2519,4,2,1,1,2,2022-10-28 05:19:12.03279+00,0.9,pt,MG
811,2e10a84b-253c-4de1-a60e-f9d8193ace6c,99,5677,2,2,1,5,52,2022-10-28 13:54:02.94256+00,0.9,pt,PB
